drugbank_id,cid,name,smiles,inchikey
DB00007,657181,Leuprolide,CCNC(=O)[C@@H]1CCCN1C(=O)[C@H](CCCN=C(N)N)NC(=O)[C@H](CC(C)C)NC(=O)[C@@H](CC(C)C)NC(=O)[C@H](CC2=CC=C(C=C2)O)NC(=O)[C@H](CO)NC(=O)[C@H](CC3=CNC4=CC=CC=C43)NC(=O)[C@H](CC5=CN=CN5)NC(=O)[C@@H]6CCC(=O)N6,GFIJNRVAKGFPGQ-LIJARHBVSA-N
DB00010,,SERMORELIN,,
DB00014,5311128,Goserelin,CC(C)C[C@@H](C(=O)N[C@@H](CCCN=C(N)N)C(=O)N1CCC[C@H]1C(=O)NNC(=O)N)NC(=O)[C@@H](COC(C)(C)C)NC(=O)[C@H](CC2=CC=C(C=C2)O)NC(=O)[C@H](CO)NC(=O)[C@H](CC3=CNC4=CC=CC=C43)NC(=O)[C@H](CC5=CN=CN5)NC(=O)[C@@H]6CCC(=O)N6,BLCLNMBMMGCOAS-URPVMXJPSA-N
DB00017,,Calcitonin salmon,,
DB00035,5311065,Desmopressin,C1C[C@H](N(C1)C(=O)[C@@H]2CSSCCC(=O)N[C@H](C(=O)N[C@H](C(=O)N[C@H](C(=O)N[C@H](C(=O)N2)CC(=O)N)CCC(=O)N)CC3=CC=CC=C3)CC4=CC=C(C=C4)O)C(=O)N[C@H](CCCN=C(N)N)C(=O)NCC(=O)N,NFLWUMRGJYTJIN-PNIOQBSNSA-N
DB00067,11979316,Pituitrin,C1CC(N(C1)C(=O)C2CSSCC(C(=O)NC(C(=O)NC(C(=O)NC(C(=O)NC(C(=O)N2)CC(=O)N)CCC(=O)N)CC3=CC=CC=C3)CC4=CC=C(C=C4)O)N)C(=O)NC(CCCCN)C(=O)NCC(=O)N.C1CC(N(C1)C(=O)C2CSSCC(C(=O)NC(C(=O)NC(C(=O)NC(C(=O)NC(C(=O)N2)CC(=O)N)CCC(=O)N)CC3=CC=CC=C3)CC4=CC=C(C=C4)O)N)C(=O)NC(CCCN=C(N)N)C(=O)NCC(=O)N,JLTCWSBVQSZVLT-UHFFFAOYSA-N
DB00091,5284373,Cyclosporin A,CC[C@H]1C(=O)N(CC(=O)N([C@H](C(=O)N[C@H](C(=O)N([C@H](C(=O)N[C@H](C(=O)N[C@@H](C(=O)N([C@H](C(=O)N([C@H](C(=O)N([C@H](C(=O)N([C@H](C(=O)N1)[C@@H]([C@H](C)C/C=C/C)O)C)C(C)C)C)CC(C)C)C)CC(C)C)C)C)C)CC(C)C)C)C(C)C)CC(C)C)C)C,PMATZTZNYRCHOR-CGLBZJNRSA-N
DB00104,448601,Octreotide,C[C@H]([C@H]1C(=O)N[C@@H](CSSC[C@@H](C(=O)N[C@H](C(=O)N[C@@H](C(=O)N[C@H](C(=O)N1)CCCCN)CC2=CNC3=CC=CC=C32)CC4=CC=CC=C4)NC(=O)[C@@H](CC5=CC=CC=C5)N)C(=O)N[C@H](CO)[C@@H](C)O)O,DEQANNDTNATYII-OULOTJBUSA-N
DB00114,1051,Pyridoxal 5'-phosphate,CC1=NC=C(C(=C1O)C=O)COP(=O)(O)O,NGVDGCNFYWLIFO-UHFFFAOYSA-N
DB00115,5311498,Anacobin,CC1=CC2=C(C=C1C)N(C=N2)[C@@H]3[C@@H]([C@@H]([C@H](O3)CO)OP(=O)([O-])O[C@H](C)CNC(=O)CC[C@@]4([C@H]([C@@H]5[C@]6([C@@]([C@@H](/C(=C(/C7=N/C(=C\C8=N/C(=C(\C4=N5)/C)/[C@H](C8(C)C)CCC(=O)N)/[C@H]([C@]7(C)CC(=O)N)CCC(=O)N)\C)/[N-]6)CCC(=O)N)(C)CC(=O)N)C)CC(=O)N)C)O.[C-]#N.[Co+3],FDJOLVPMNUYSCM-WZHZPDAFSA-L
DB00122,305,Choline,C[N+](C)(C)CCO,OEYIOHPDSNJKLS-UHFFFAOYSA-N
DB00125,6322,L-Arginine,C(C[C@@H](C(=O)O)N)CN=C(N)N,ODKSFYDXXFIFQN-BYPYZUCNSA-N
DB00126,54670067,L-Ascorbic Acid,C([C@@H]([C@@H]1C(=C(C(=O)O1)O)O)O)O,CIWBSHSKHKDKBQ-JLAZNSOCSA-N
DB00131,6083,Adenosine Monophosphate,C1=NC(=C2C(=N1)N(C=N2)[C@H]3[C@@H]([C@@H]([C@H](O3)COP(=O)(O)O)O)O)N,UDMBCSSLTHHNCD-KQYNXXCUSA-N
DB00136,5280453,Calcitriol,C[C@H](CCCC(C)(C)O)[C@H]1CC[C@@H]\2[C@@]1(CCC/C2=C\C=C/3\C[C@H](C[C@@H](C3=C)O)O)C,GMRQFYUYWCNGIN-NKMMMXOESA-N
DB00140,493570,Riboflavin,CC1=CC2=C(C=C1C)N(C3=NC(=O)NC(=O)C3=N2)C[C@@H]([C@@H]([C@@H](CO)O)O)O,AUNGANRZJHBGPY-SCRDCRAPSA-N
DB00141,1738118,Acetylglucosamine,CC(=O)N[C@@H](C=O)[C@H]([C@@H]([C@@H](CO)O)O)O,MBLBDJOUHNCFQT-LXGUWJNJSA-N
DB00146,5283731,25-Hydroxyvitamin D3,C[C@H](CCCC(C)(C)O)[C@H]1CC[C@@H]\2[C@@]1(CCC/C2=C\C=C/3\C[C@H](CCC3=C)O)C,JWUBBDSIWDLEOM-DTOXIADCSA-N
DB00152,1130,Thiamine,CC1=C(SC=[N+]1CC2=CN=C(N=C2N)C)CCO,JZRWCGZRTZMZEH-UHFFFAOYSA-N
DB00153,5280793,Ergocalciferol,C[C@H](/C=C/[C@H](C)C(C)C)[C@H]1CC[C@@H]\2[C@@]1(CCC/C2=C\C=C/3\C[C@H](CCC3=C)O)C,MECHNRXZTMCUDQ-RKHKHRCZSA-N
DB00158,135398658,Folic Acid,C1=CC(=CC=C1C(=O)N[C@@H](CCC(=O)O)C(=O)O)NCC2=CN=C3C(=N2)C(=O)NC(=N3)N,OVBPIULPVIDEAO-LBPRGKRZSA-N
DB00159,446284,Icosapent,CC/C=C\C/C=C\C/C=C\C/C=C\C/C=C\CCCC(=O)O,JAZBEHYOTPTENJ-JLNKQSITSA-N
DB00160,5950,L-Alanine,C[C@@H](C(=O)O)N,QNAYBMKLOCPYGJ-REOHCLBHSA-N
DB00162,445354,Retinol,CC1=C(C(CCC1)(C)C)/C=C/C(=C/C=C/C(=C/CO)/C)/C,FPIPGXGPPPQFEQ-OVSJKPMPSA-N
DB00163,14985,alpha-Tocopherol,CC1=C(C2=C(CC[C@@](O2)(C)CCC[C@H](C)CCC[C@H](C)CCCC(C)C)C(=C1O)C)C,GVJHHUAWPYXKBD-IEOSBIPESA-N
DB00165,1054,Pyridoxine,CC1=NC=C(C(=C1O)CO)CO,LXNHXLLTXMVWPM-UHFFFAOYSA-N
DB00167,6306,L-Isoleucine,CC[C@H](C)[C@@H](C(=O)O)N,AGPKZVBTJJNPAG-WHFBIAKZSA-N
DB00169,5280795,Vitamin D3,C[C@H](CCCC(C)C)[C@H]1CC[C@@H]\2[C@@]1(CCC/C2=C\C=C/3\C[C@H](CCC3=C)O)C,QYSXJUFSXHHAJI-YRZJJWOYSA-N
DB00175,54687,Pravastatin,CC[C@H](C)C(=O)O[C@H]1C[C@@H](C=C2[C@H]1[C@H]([C@H](C=C2)C)CC[C@H](C[C@H](CC(=O)O)O)O)O,TUZYXOIXSAXUGO-PZAWKZKUSA-N
DB00176,5324346,Fluvoxamine,COCCCC/C(=N\OCCN)/C1=CC=C(C=C1)C(F)(F)F,CJOFXWAVKWHTFT-XSFVSMFZSA-N
DB00177,60846,Valsartan,CCCCC(=O)N(CC1=CC=C(C=C1)C2=CC=CC=C2C3=NNN=N3)[C@@H](C(C)C)C(=O)O,ACWBQPMHZXGDFX-QFIPXVFZSA-N
DB00178,5362129,Ramipril,CCOC(=O)[C@H](CCC1=CC=CC=C1)N[C@@H](C)C(=O)N2[C@H]3CCC[C@H]3C[C@H]2C(=O)O,HDACQVRGBOVJII-JBDAPHQKSA-N
DB00179,71398,Masoprocol,C[C@H](CC1=CC(=C(C=C1)O)O)[C@@H](C)CC2=CC(=C(C=C2)O)O,HCZKYJDFEPMADG-TXEJJXNPSA-N
DB00180,82153,Flunisolide,C[C@]12C[C@@H]([C@H]3[C@H]([C@@H]1C[C@@H]4[C@]2(OC(O4)(C)C)C(=O)CO)C[C@@H](C5=CC(=O)C=C[C@]35C)F)O,XSFJVAJPIHIPKU-XWCQMRHXSA-N
DB00181,2284,Baclofen,C1=CC(=CC=C1C(CC(=O)O)CN)Cl,KPYSYYIEGFHWSV-UHFFFAOYSA-N
DB00182,3007,Amphetamine,CC(CC1=CC=CC=C1)N,KWTSXDURSIMDCE-UHFFFAOYSA-N
DB00186,3958,Lorazepam,C1=CC=C(C(=C1)C2=NC(C(=O)NC3=C2C=C(C=C3)Cl)O)Cl,DIWRORZWFLOCLC-UHFFFAOYSA-N
DB00187,59768,Esmolol,CC(C)NCC(COC1=CC=C(C=C1)CCC(=O)OC)O,AQNDDEOPVVGCPG-UHFFFAOYSA-N
DB00188,387447,Bortezomib,B([C@H](CC(C)C)NC(=O)[C@H](CC1=CC=CC=C1)NC(=O)C2=NC=CN=C2)(O)O,GXJABQQUPOEUTA-RDJZCZTQSA-N
DB00190,34359,Carbidopa,C[C@](CC1=CC(=C(C=C1)O)O)(C(=O)O)NN,TZFNLOMSOLWIDK-JTQLQIEISA-N
DB00191,4771,Phentermine,CC(C)(CC1=CC=CC=C1)N,DHHVAGZRUROJKS-UHFFFAOYSA-N
DB00193,33741,Tramadol,CN(C)C[C@H]1CCCC[C@@]1(C2=CC(=CC=C2)OC)O,TVYLLZQTGLZFBW-ZBFHGGJFSA-N
DB00195,2369,Betaxolol,CC(C)NCC(COC1=CC=C(C=C1)CCOCC2CC2)O,NWIUTZDMDHAVTP-UHFFFAOYSA-N
DB00199,12560,Erythromycin,CC[C@@H]1[C@@]([C@@H]([C@H](C(=O)[C@@H](C[C@@]([C@@H]([C@H]([C@@H]([C@H](C(=O)O1)C)O[C@H]2C[C@@]([C@H]([C@@H](O2)C)O)(C)OC)C)O[C@H]3[C@@H]([C@H](C[C@H](O3)C)N(C)C)O)(C)O)C)C)O)(C)O,ULGZDMOVFRHVEP-RWJQBGPGSA-N
DB00200,70678542,Codroxomin,CC1=CC2=C(C=C1C)N(C=N2)[C@@H]3[C@@H]([C@@H]([C@H](O3)CO)OP(=O)([O-])O[C@H](C)CNC(=O)CC[C@@]\4([C@H]([C@@H]5[C@]6([C@@]([C@@H](C(=N6)/C(=C\7/[C@@]([C@@H](C(=N7)/C=C\8/C([C@@H](C(=N8)/C(=C4\[N-]5)/C)CCC(=O)N)(C)C)CCC(=O)N)(C)CC(=O)N)/C)CCC(=O)N)(C)CC(=O)N)C)CC(=O)N)C)O.O.[Co],ITFLMCXLENHUAD-WZHZPDAFSA-L
DB00201,2519,Caffeine,CN1C=NC2=C1C(=O)N(C(=O)N2C)C,RYYVLZVUVIJVGH-UHFFFAOYSA-N
DB00203,135398744,Sildenafil,CCCC1=NN(C2=C1N=C(NC2=O)C3=C(C=CC(=C3)S(=O)(=O)N4CCN(CC4)C)OCC)C,BNRNXUUZRGQAQC-UHFFFAOYSA-N
DB00204,71329,Dofetilide,CN(CCC1=CC=C(C=C1)NS(=O)(=O)C)CCOC2=CC=C(C=C2)NS(=O)(=O)C,IXTMWRCNAAVVAI-UHFFFAOYSA-N
DB00206,5770,Reserpine,CO[C@H]1[C@@H](C[C@@H]2CN3CCC4=C([C@H]3C[C@@H]2[C@@H]1C(=O)OC)NC5=C4C=CC(=C5)OC)OC(=O)C6=CC(=C(C(=C6)OC)OC)OC,QEVHRUUCFGRFIF-MDEJGZGSSA-N
DB00208,5472,Ticlopidine,C1CN(CC2=C1SC=C2)CC3=CC=CC=C3Cl,PHWBOXQYWZNQIN-UHFFFAOYSA-N
DB00210,60164,Adapalene,COC1=C(C=C(C=C1)C2=CC3=C(C=C2)C=C(C=C3)C(=O)O)C45CC6CC(C4)CC(C6)C5,LZCDAPDGXCYOEH-UHFFFAOYSA-N
DB00211,4195,Midodrine,COC1=CC(=C(C=C1)OC)C(CNC(=O)CN)O,PTKSEFOSCHHMPD-UHFFFAOYSA-N
DB00213,4679,Pantoprazole,COC1=C(C(=NC=C1)CS(=O)C2=NC3=C(N2)C=C(C=C3)OC(F)F)OC,IQPSEEYGBUAQFF-UHFFFAOYSA-N
DB00214,41781,Torasemide,CC1=CC(=CC=C1)NC2=C(C=NC=C2)S(=O)(=O)NC(=O)NC(C)C,NGBFQHCMQULJNZ-UHFFFAOYSA-N
DB00215,2771,Citalopram,CN(C)CCCC1(C2=C(CO1)C=C(C=C2)C#N)C3=CC=C(C=C3)F,WSEQXVZVJXJVFP-UHFFFAOYSA-N
DB00216,77993,Eletriptan,CN1CCC[C@@H]1CC2=CNC3=C2C=C(C=C3)CCS(=O)(=O)C4=CC=CC=C4,PWVXXGRKLHYWKM-LJQANCHMSA-N
DB00218,152946,Moxifloxacin,COC1=C2C(=CC(=C1N3C[C@@H]4CCCN[C@@H]4C3)F)C(=O)C(=CN2C5CC5)C(=O)O,FABPRXSRWADJSP-MEDUHNTESA-N
DB00221,3762,Isoetharine,CCC(C(C1=CC(=C(C=C1)O)O)O)NC(C)C,HUYWAWARQUIQLE-UHFFFAOYSA-N
DB00222,3476,Glimepiride,CCC1=C(CN(C1=O)C(=O)NCCC2=CC=C(C=C2)S(=O)(=O)NC(=O)NC3CCC(CC3)C)C,WIGIZIANZCJQQY-UHFFFAOYSA-N
DB00226,38521,Guanadrel,C1CCC2(CC1)OCC(O2)CN=C(N)N,HPBNRIOWIXYZFK-UHFFFAOYSA-N
DB00227,53232,Lovastatin,CC[C@H](C)C(=O)O[C@H]1C[C@H](C=C2[C@H]1[C@H]([C@H](C=C2)C)CC[C@@H]3C[C@H](CC(=O)O3)O)C,PCZOHLXUXFIOCF-BXMDZJJMSA-N
DB00230,5486971,Pregabalin,CC(C)C[C@@H](CC(=O)O)CN,AYXYPKUFHZROOJ-ZETCQYMHSA-N
DB00232,4121,Methyclothiazide,CN1C(NC2=CC(=C(C=C2S1(=O)=O)S(=O)(=O)N)Cl)CCl,CESYKOGBSMNBPD-UHFFFAOYSA-N
DB00236,4842,Pipobroman,C1CN(CCN1C(=O)CCBr)C(=O)CCBr,NJBFOOCLYDNZJN-UHFFFAOYSA-N
DB00240,5311000,Alclometasone,C[C@@H]1C[C@H]2[C@@H]3[C@@H](CC4=CC(=O)C=C[C@@]4([C@H]3[C@H](C[C@@]2([C@]1(C(=O)CO)O)C)O)C)Cl,FJXOGVLKCZQRDN-PHCHRAKRSA-N
DB00241,2481,Butalbital,CC(C)CC1(C(=O)NC(=O)NC1=O)CC=C,UZVHFVZFNXBMQJ-UHFFFAOYSA-N
DB00242,20279,Cladribine,C1[C@@H]([C@H](O[C@H]1N2C=NC3=C(N=C(N=C32)Cl)N)CO)O,PTOAARAWEBMLNO-KVQBGUIXSA-N
DB00244,4075,5-Aminosalicylic Acid,C1=CC(=C(C=C1N)C(=O)O)O,KBOPZPXVLCULAV-UHFFFAOYSA-N
DB00245,1201549,Benztropine,CN1[C@@H]2CC[C@H]1CC(C2)OC(C3=CC=CC=C3)C4=CC=CC=C4,GIJXKZJWITVLHI-YOFSQIOKSA-N
DB00246,60854,Ziprasidone,C1CN(CCN1CCC2=C(C=C3C(=C2)CC(=O)N3)Cl)C4=NSC5=CC=CC=C54,MVWVFYHBGMAFLY-UHFFFAOYSA-N
DB00248,54746,Cabergoline,CCNC(=O)N(CCCN(C)C)C(=O)[C@@H]1C[C@H]2[C@@H](CC3=CNC4=CC=CC2=C34)N(C1)CC=C,KORNTPPJEAJQIU-KJXAQDMKSA-N
DB00252,1775,Phenytoin,C1=CC=C(C=C1)C2(C(=O)NC(=O)N2)C3=CC=CC=C3,CXOFVDLJLONNDW-UHFFFAOYSA-N
DB00253,247839,Medrysone,C[C@H]1C[C@H]2[C@@H]3CC[C@@H]([C@]3(C[C@@H]([C@@H]2[C@@]4(C1=CC(=O)CC4)C)O)C)C(=O)C,GZENKSODFLBBHQ-ILSZZQPISA-N
DB00255,448537,Diethylstilbestrol,CC/C(=C(/CC)\C1=CC=C(C=C1)O)/C2=CC=C(C=C2)O,RGLYKWWBQGJZGM-ISLYRVAYSA-N
DB00257,2812,Clotrimazole,C1=CC=C(C=C1)C(C2=CC=CC=C2)(C3=CC=CC=C3Cl)N4C=CN=C4,VNFPBHJOKIVQEB-UHFFFAOYSA-N
DB00262,2578,Carmustine,C(CCl)NC(=O)N(CCCl)N=O,DLGOEMSEDOSKAD-UHFFFAOYSA-N
DB00264,4171,Metoprolol,CC(C)NCC(COC1=CC=C(C=C1)CCOC)O,IUBSYMUCCVWXPE-UHFFFAOYSA-N
DB00268,5095,Ropinirole,CCCN(CCC)CCC1=C2CC(=O)NC2=CC=C1,UHSKFQJFRQCDBE-UHFFFAOYSA-N
DB00270,3784,Isradipine,CC1=C(C(C(=C(N1)C)C(=O)OC(C)C)C2=CC=CC3=NON=C32)C(=O)OC,HMJIYCCIJYRONP-UHFFFAOYSA-N
DB00271,2140,Diatrizoate,CC(=O)NC1=C(C(=C(C(=C1I)C(=O)O)I)NC(=O)C)I,YVPYQUNUQOZFHG-UHFFFAOYSA-N
DB00273,5284627,Topiramate,CC1(O[C@@H]2CO[C@@]3([C@H]([C@@H]2O1)OC(O3)(C)C)COS(=O)(=O)N)C,KJADKKWYZYXHBB-XBWDGYHZSA-N
DB00275,158781,Olmesartan,CCCC1=NC(=C(N1CC2=CC=C(C=C2)C3=CC=CC=C3C4=NNN=N4)C(=O)O)C(C)(C)O,VTRAEEWXHOVJFV-UHFFFAOYSA-N
DB00276,2179,Amsacrine,COC1=C(C=CC(=C1)NS(=O)(=O)C)NC2=C3C=CC=CC3=NC4=CC=CC=C42,XCPGHVQEEXUHNC-UHFFFAOYSA-N
DB00277,2153,Theophylline,CN1C2=C(C(=O)N(C1=O)C)NC=N2,ZFXYFBGIUFBOJW-UHFFFAOYSA-N
DB00278,92722,Argatroban,C[C@@H]1CCN([C@H](C1)C(=O)O)C(=O)[C@H](CCCN=C(N)N)NS(=O)(=O)C2=CC=CC3=C2NCC(C3)C,KXNPVXPOPUZYGB-IOVMHBDKSA-N
DB00279,5920,Liothyronine,C1=CC(=C(C=C1OC2=C(C=C(C=C2I)C[C@@H](C(=O)O)N)I)I)O,AUYYCJSJGJYCDS-LBPRGKRZSA-N
DB00280,3114,Disopyramide,CC(C)N(CCC(C1=CC=CC=C1)(C2=CC=CC=N2)C(=O)N)C(C)C,UVTNFZQICZKOEM-UHFFFAOYSA-N
DB00281,3676,Lidocaine,CCN(CC)CC(=O)NC1=C(C=CC=C1C)C,NNJVILVZKWQKPM-UHFFFAOYSA-N
DB00282,4674,Pamidronic Acid,C(CN)C(O)(P(=O)(O)O)P(=O)(O)O,WRUUGTRCQOWXEG-UHFFFAOYSA-N
DB00283,26987,Clemastine,C[C@@](C1=CC=CC=C1)(C2=CC=C(C=C2)Cl)OCC[C@H]3CCCN3C,YNNUSGIPVFPVBX-NHCUHLMSSA-N
DB00284,9811704,Acarbose,C[C@@H]1[C@H]([C@@H]([C@H]([C@H](O1)O[C@@H]2[C@H](O[C@@H]([C@@H]([C@H]2O)O)O[C@H]([C@@H](CO)O)[C@@H]([C@H](C=O)O)O)CO)O)O)N[C@H]3C=C([C@H]([C@@H]([C@H]3O)O)O)CO,CEMXHAPUFJOOSV-XGWNLRGSSA-N
DB00285,5656,Venlafaxine,CN(C)CC(C1=CC=C(C=C1)OC)C2(CCCCC2)O,PNVNVHUZROJLTJ-UHFFFAOYSA-N
DB00286,,Conjugated estrogens,,
DB00287,5282226,Travoprost,CC(C)OC(=O)CCC/C=C\C[C@H]1[C@H](C[C@H]([C@@H]1/C=C/[C@H](COC2=CC=CC(=C2)C(F)(F)F)O)O)O,MKPLKVHSHYCHOC-AHTXBMBWSA-N
DB00289,54841,Atomoxetine,CC1=CC=CC=C1O[C@H](CCNC)C2=CC=CC=C2,VHGCDTVCOLNTBX-QGZVFWFLSA-N
DB00290,5360373,Bleomycin,CC1=C(N=C(N=C1N)[C@H](CC(=O)N)NC[C@@H](C(=O)N)N)C(=O)N[C@@H]([C@H](C2=CN=CN2)OC3C(C(C(C(O3)CO)O)O)OC4C(C(C(C(O4)CO)O)OC(=O)N)O)C(=O)N[C@H](C)[C@H]([C@H](C)C(=O)N[C@@H]([C@@H](C)O)C(=O)NCCC5=NC(=CS5)C6=NC(=CS6)C(=O)NCCC[S+](C)C)O,OYVAGSVQBOHSSS-WXFSZRTFSA-O
DB00295,5288826,Morphine,CN1CC[C@]23[C@@H]4[C@H]1CC5=C2C(=C(C=C5)O)O[C@H]3[C@H](C=C4)O,BQJCRHHNABKAKU-KBQPJGBKSA-N
DB00297,2474,Bupivacaine (USAN:INN:BAN),CCCCN1CCCCC1C(=O)NC2=C(C=CC=C2C)C,LEBVLXFERQHONN-UHFFFAOYSA-N
DB00302,5526,4-(Aminomethyl)cyclohexanecarboxylic acid,C1CC(CCC1CN)C(=O)O,GYDJEQRTZSCIOI-UHFFFAOYSA-N
DB00304,40973,Desogestrel,CC[C@]12CC(=C)[C@H]3[C@H]([C@@H]1CC[C@]2(C#C)O)CCC4=CCCC[C@H]34,RPLCPCMSCLEKRS-BPIQYHPVSA-N
DB00305,5746,Mitomycin C,CC1=C(C(=O)C2=C(C1=O)N3C[C@H]4[C@@H]([C@@]3([C@@H]2COC(=O)N)OC)N4)N,NWIBSHFKIJFRCO-WUDYKRTCSA-N
DB00307,82146,Bexarotene,CC1=CC2=C(C=C1C(=C)C3=CC=C(C=C3)C(=O)O)C(CCC2(C)C)(C)C,NAVMQTYZDKMPEU-UHFFFAOYSA-N
DB00308,60753,Ibutilide,CCCCCCCN(CC)CCCC(C1=CC=C(C=C1)NS(=O)(=O)C)O,ALOBUEHUHMBRLE-UHFFFAOYSA-N
DB00310,2732,Chlorthalidone,C1=CC=C2C(=C1)C(=O)NC2(C3=CC(=C(C=C3)Cl)S(=O)(=O)N)O,JIVPVXMEBJLZRO-UHFFFAOYSA-N
DB00313,3121,Valproic Acid,CCCC(CCC)C(=O)O,NIJJYAXOARWZEE-UHFFFAOYSA-N
DB00315,60857,Zolmitriptan,CN(C)CCC1=CNC2=C1C=C(C=C2)C[C@H]3COC(=O)N3,ULSDMUVEXKOYBU-ZDUSSCGKSA-N
DB00316,1983,Acetaminophen,CC(=O)NC1=CC=C(C=C1)O,RZVAJINKPMORJF-UHFFFAOYSA-N
DB00318,5284371,Codeine,CN1CC[C@]23[C@@H]4[C@H]1CC5=C2C(=C(C=C5)OC)O[C@H]3[C@H](C=C4)O,OROGSEYTTFOCAN-DNJOTXNNSA-N
DB00320,10531,Dihydroergotamine,C[C@@]1(C(=O)N2[C@H](C(=O)N3CCC[C@H]3[C@@]2(O1)O)CC4=CC=CC=C4)NC(=O)[C@@H]5C[C@H]6[C@@H](CC7=CNC8=CC=CC6=C78)N(C5)C,LUZRJRNZXALNLM-JGRZULCMSA-N
DB00321,2160,Amitriptyline,CN(C)CCC=C1C2=CC=CC=C2CCC3=CC=CC=C31,KRMDCWKBEZIMAB-UHFFFAOYSA-N
DB00323,4659569,Tolcapone,CC1=CC=C(C=C1)C(=O)C2=CC(=C(C(=C2)O)O)[N+](=O)[O-],MIQPIUSUKVNLNT-UHFFFAOYSA-N
DB00324,9878,Fluorometholone,C[C@H]1C[C@H]2[C@@H]3CC[C@@]([C@]3(C[C@@H]([C@@]2([C@@]4(C1=CC(=O)C=C4)C)F)O)C)(C(=O)C)O,FAOZLTXFLGPHNG-KNAQIMQKSA-N
DB00325,11963622,Nitroferricyanide,[C-]#N.[C-]#N.[C-]#N.[C-]#N.[C-]#N.[N-]=O.[Fe+4],PAORBFBZBNPTCL-UHFFFAOYSA-N
DB00327,5284570,Hydromorphone,CN1CC[C@]23[C@@H]4[C@H]1CC5=C2C(=C(C=C5)O)O[C@H]3C(=O)CC4,WVLOADHCBXTIJK-YNHQPCIGSA-N
DB00328,3715,Indomethacin,CC1=C(C2=C(N1C(=O)C3=CC=C(C=C3)Cl)C=CC(=C2)OC)CC(=O)O,CGIGDMFJXJATDK-UHFFFAOYSA-N
DB00331,4091,Metformin,CN(C)C(=N)N=C(N)N,XZWYZXLIPXDOLR-UHFFFAOYSA-N
DB00332,657309,Ipratropium,CC(C)[N+]1([C@@H]2CC[C@H]1CC(C2)OC(=O)C(CO)C3=CC=CC=C3)C,OEXHQOGQTVQTAT-BZQJJPTISA-N
DB00333,4095,Methadone,CCC(=O)C(CC(C)N(C)C)(C1=CC=CC=C1)C2=CC=CC=C2,USSIQXCVUWKGNF-UHFFFAOYSA-N
DB00334,135398745,Olanzapine,CC1=CC2=C(S1)NC3=CC=CC=C3N=C2N4CCN(CC4)C,KVWDHTXUZHCGIO-UHFFFAOYSA-N
DB00335,2249,Atenolol,CC(C)NCC(COC1=CC=C(C=C1)CC(=O)N)O,METKIMKYRPQLGS-UHFFFAOYSA-N
DB00337,6509979,Pimecrolimus,CC[C@@H]1/C=C(/C[C@@H](C[C@@H]([C@@H]2[C@H](C[C@H]([C@@](O2)(C(=O)C(=O)N3CCCC[C@H]3C(=O)O[C@@H]([C@@H]([C@H](CC1=O)O)C)/C(=C/[C@@H]4CC[C@@H]([C@@H](C4)OC)Cl)/C)O)C)OC)OC)C)\C,KASDHRXLYQOAKZ-XDSKOBMDSA-N
DB00338,4594,Omeprazole,CC1=CN=C(C(=C1OC)C)CS(=O)C2=NC3=C(N2)C=C(C=C3)OC,SUBDBMMJDZJVOS-UHFFFAOYSA-N
DB00341,2678,Cetirizine,C1CN(CCN1CCOCC(=O)O)C(C2=CC=CC=C2)C3=CC=C(C=C3)Cl,ZKLPARSLTMPFCP-UHFFFAOYSA-N
DB00342,5405,Terfenadine,CC(C)(C)C1=CC=C(C=C1)C(CCCN2CCC(CC2)C(C3=CC=CC=C3)(C4=CC=CC=C4)O)O,GUGOEEXESWIERI-UHFFFAOYSA-N
DB00343,39186,Diltiazem,CC(=O)O[C@@H]1[C@@H](SC2=CC=CC=C2N(C1=O)CCN(C)C)C3=CC=C(C=C3)OC,HSUGRBWQSSZJOP-RTWAWAEBSA-N
DB00346,2092,Alfuzosin,CN(CCCNC(=O)C1CCCO1)C2=NC3=CC(=C(C=C3C(=N2)N)OC)OC,WNMJYKCGWZFFKR-UHFFFAOYSA-N
DB00349,2789,Clobazam,CN1C(=O)CC(=O)N(C2=C1C=CC(=C2)Cl)C3=CC=CC=C3,CXOXHMZGEKVPMT-UHFFFAOYSA-N
DB00350,4201,Minoxidil,C1CCN(CC1)C2=NC(=N)N(C(=C2)N)O,ZIMGGGWCDYVHOY-UHFFFAOYSA-N
DB00351,11683,Megestrol Acetate,CC1=C[C@@H]2[C@H](CC[C@]3([C@H]2CC[C@@]3(C(=O)C)OC(=O)C)C)[C@@]4(C1=CC(=O)CC4)C,RQZAXGRLVPAYTJ-GQFGMJRRSA-N
DB00352,2723601,Thioguanine,C1=NC2=C(N1)C(=S)N=C(N2)N,WYWHKKSPHMUBEB-UHFFFAOYSA-N
DB00353,8226,Methylergometrine,CC[C@@H](CO)NC(=O)[C@H]1CN([C@@H]2CC3=CNC4=CC=CC(=C34)C2=C1)C,UNBRKDKAWYKMIV-QWQRMKEZSA-N
DB00354,6729,Buclizine,CC(C)(C)C1=CC=C(C=C1)CN2CCN(CC2)C(C3=CC=CC=C3)C4=CC=C(C=C4)Cl,MOYGZHXDRJNJEP-UHFFFAOYSA-N
DB00356,2733,Chlorzoxazone,C1=CC2=C(C=C1Cl)NC(=O)O2,TZFWDZFKRBELIQ-UHFFFAOYSA-N
DB00357,2145,Aminoglutethimide,CCC1(CCC(=O)NC1=O)C2=CC=C(C=C2)N,ROBVIMPUHSLWNV-UHFFFAOYSA-N
DB00361,5311497,Vinorelbine,CCC1=C[C@H]2C[C@@](C3=C(CN(C2)C1)C4=CC=CC=C4N3)(C5=C(C=C6C(=C5)[C@]78CCN9[C@H]7[C@@](C=CC9)([C@H]([C@@]([C@@H]8N6C)(C(=O)OC)O)OC(=O)C)CC)OC)C(=O)OC,GBABOYUKABKIAF-IELIFDKJSA-N
DB00363,135398737,Clozapine,CN1CCN(CC1)C2=NC3=C(C=CC(=C3)Cl)NC4=CC=CC=C42,QZUDBNBUXVUHMW-UHFFFAOYSA-N
DB00364,121494085,Sucralfate (USAN:USP:INN:BAN:JAN),C([C@@H]1[C@H]([C@@H]([C@H]([C@H](O1)O[C@]2([C@H]([C@@H]([C@H](O2)COS(=O)(=O)O[Al])OS(=O)(=O)O[Al])OS(=O)(=O)O[Al])COS(=O)(=O)O[Al])OS(=O)(=O)O[Al])OS(=O)(=O)O[Al])OS(=O)(=O)O[Al])OS(=O)(=O)O[Al].O.O.O.O.O.O.O.O.O.O.O.O.O.O.O.O.O.O.O.O.[Al],YZPQNHUVIVIUCT-JTJNLBSYSA-F
DB00366,3162,Doxylamine,CC(C1=CC=CC=C1)(C2=CC=CC=N2)OCCN(C)C,HCFDWZZGGLSKEP-UHFFFAOYSA-N
DB00367,13109,Levonorgestrel,CC[C@]12CC[C@H]3[C@H]([C@@H]1CC[C@]2(C#C)O)CCC4=CC(=O)CC[C@H]34,WWYNJERNGUHSAO-XUDSTZEESA-N
DB00368,439260,Norepinephrine,C1=CC(=C(C=C1[C@H](CN)O)O)O,SFLSHLFXELFNJZ-QMMMGPOBSA-N
DB00371,4064,Meprobamate,CCCC(C)(COC(=O)N)COC(=O)N,NPPQSCRMBWNHMW-UHFFFAOYSA-N
DB00373,33624,Timolol,CC(C)(C)NC[C@@H](COC1=NSN=C1N2CCOCC2)O,BLJRIMJGRPQVNF-JTQLQIEISA-N
DB00374,6918140,Treprostinil,CCCCC[C@@H](CC[C@H]1[C@@H](C[C@H]2[C@@H]1CC3=C(C2)C(=CC=C3)OCC(=O)O)O)O,PAJMKGZZBBTTOY-ZFORQUDYSA-N
DB00376,5572,Trihexyphenidyl,C1CCC(CC1)C(CCN2CCCCC2)(C3=CC=CC=C3)O,HWHLPVGTWGOCJO-UHFFFAOYSA-N
DB00379,4178,Mexiletine,CC1=C(C(=CC=C1)C)OCC(C)N,VLPIATFUUWWMKC-UHFFFAOYSA-N
DB00380,71384,Dexrazoxane,C[C@@H](CN1CC(=O)NC(=O)C1)N2CC(=O)NC(=O)C2,BMKDZUISNHGIBY-ZETCQYMHSA-N
DB00381,2162,Amlodipine,CCOC(=O)C1=C(NC(=C(C1C2=CC=CC=C2Cl)C(=O)OC)C)COCCN,HTIQEAQVCYTUBX-UHFFFAOYSA-N
DB00382,1935,Tacrine,C1CCC2=NC3=CC=CC=C3C(=C2C1)N,YLJREFDVOIBQDA-UHFFFAOYSA-N
DB00384,5546,Triamterene,C1=CC=C(C=C1)C2=NC3=C(N=C(N=C3N=C2N)N)N,FNYLWPVRPXGIIP-UHFFFAOYSA-N
DB00385,454216,Valrubicin,CCCCC(=O)OCC(=O)[C@]1(C[C@@H](C2=C(C1)C(=C3C(=C2O)C(=O)C4=C(C3=O)C=CC=C4OC)O)O[C@H]5C[C@@H]([C@@H]([C@@H](O5)C)O)NC(=O)C(F)(F)F)O,ZOCKGBMQLCSHFP-KQRAQHLDSA-N
DB00387,4919,Procyclidine,C1CCC(CC1)C(CCN2CCCC2)(C3=CC=CC=C3)O,WYDUSKDSKCASEF-UHFFFAOYSA-N
DB00388,6041,Phenylephrine,CNC[C@@H](C1=CC(=CC=C1)O)O,SONNWYBIRXJNDC-VIFPVBQESA-N
DB00390,2724385,Digoxin,C[C@@H]1[C@H]([C@H](C[C@@H](O1)O[C@@H]2[C@H](O[C@H](C[C@@H]2O)O[C@@H]3[C@H](O[C@H](C[C@@H]3O)O[C@H]4CC[C@]5([C@@H](C4)CC[C@@H]6[C@@H]5C[C@H]([C@]7([C@@]6(CC[C@@H]7C8=CC(=O)OC8)O)C)O)C)C)C)O)O,LTMHDMANZUZIPE-PUGKRICDSA-N
DB00392,3290,(+-)-Ethopropazine,CCN(CC)C(C)CN1C2=CC=CC=C2SC3=CC=CC=C31,CDOZDBSBBXSXLB-UHFFFAOYSA-N
DB00393,4497,Nimodipine,CC1=C(C(C(=C(N1)C)C(=O)OC(C)C)C2=CC(=CC=C2)[N+](=O)[O-])C(=O)OCCOC,UIAGMCDKSXEBJQ-UHFFFAOYSA-N
DB00394,21700,Beclomethasone Dipropionate,CCC(=O)OCC(=O)[C@]1([C@H](C[C@@H]2[C@@]1(C[C@@H]([C@]3([C@H]2CCC4=CC(=O)C=C[C@@]43C)Cl)O)C)C)OC(=O)CC,KUVIULQEHSCUHY-XYWKZLDCSA-N
DB00396,5994,Progesterone,CC(=O)[C@H]1CC[C@@H]2[C@@]1(CC[C@H]3[C@H]2CCC4=CC(=O)CC[C@]34C)C,RJKFOVLPORLFTN-LEKSSAKUSA-N
DB00397,10297,Phenylpropanolamine,C[C@@H]([C@@H](C1=CC=CC=C1)O)N,DLNKOYKMWOXYQA-CBAPKCEASA-N
DB00398,216239,Sorafenib,CNC(=O)C1=NC=CC(=C1)OC2=CC=C(C=C2)NC(=O)NC3=CC(=C(C=C3)Cl)C(F)(F)F,MLDQJTXFUGDVEO-UHFFFAOYSA-N
DB00399,68740,Zoledronic Acid,C1=CN(C=N1)CC(O)(P(=O)(O)O)P(=O)(O)O,XRASPMIURGNCCH-UHFFFAOYSA-N
DB00401,4499,Nisoldipine,CC1=C(C(C(=C(N1)C)C(=O)OCC(C)C)C2=CC=CC=C2[N+](=O)[O-])C(=O)OC,VKQFCGNPDRICFG-UHFFFAOYSA-N
DB00404,2118,Alprazolam,CC1=NN=C2N1C3=C(C=C(C=C3)Cl)C(=NC2)C4=CC=CC=C4,VREFGVBLTWBCJP-UHFFFAOYSA-N
DB00405,16960,Dexbrompheniramine,CN(C)CC[C@@H](C1=CC=C(C=C1)Br)C2=CC=CC=N2,ZDIGNSYAACHWNL-HNNXBMFYSA-N
DB00407,,Ardeparin,,
DB00408,3964,Loxapine,CN1CCN(CC1)C2=NC3=CC=CC=C3OC4=C2C=C(C=C4)Cl,XJGVXQDUIWGIRW-UHFFFAOYSA-N
DB00412,77999,Rosiglitazone,CN(CCOC1=CC=C(C=C1)CC2C(=O)NC(=O)S2)C3=CC=CC=N3,YASAKCUCGLMORW-UHFFFAOYSA-N
DB00413,119570,Pramipexole,CCCN[C@H]1CCC2=C(C1)SC(=N2)N,FASDKYOPVNHBLU-ZETCQYMHSA-N
DB00414,1989,Acetohexamide,CC(=O)C1=CC=C(C=C1)S(=O)(=O)NC(=O)NC2CCCCC2,VGZSUPCWNCWDAN-UHFFFAOYSA-N
DB00419,51634,Miglustat,CCCCN1C[C@@H]([C@H]([C@@H]([C@H]1CO)O)O)O,UQRORFVVSGFNRO-UTINFBMNSA-N
DB00421,5833,Spironolactone,CC(=O)S[C@@H]1CC2=CC(=O)CC[C@@]2([C@@H]3[C@@H]1[C@@H]4CC[C@]5([C@]4(CC3)C)CCC(=O)O5)C,LXMSZDCAJNLERA-ZHYRCANASA-N
DB00422,4158,Methylphenidate,COC(=O)C(C1CCCCN1)C2=CC=CC=C2,DUGOZIWVEXMGBE-UHFFFAOYSA-N
DB00424,154417,Hyoscyamine,CN1[C@@H]2CC[C@H]1CC(C2)OC(=O)[C@H](CO)C3=CC=CC=C3,RKUNBYITZUJHSG-VFSICIBPSA-N
DB00427,5282443,Triprolidine,CC1=CC=C(C=C1)/C(=C\CN2CCCC2)/C3=CC=CC=N3,CBEQULMOCCWAQT-WOJGMQOQSA-N
DB00428,29327,Streptozocin,CN(C(=O)N[C@@H]1[C@H]([C@@H]([C@H](O[C@@H]1O)CO)O)O)N=O,ZSJLQEPLLKMAKR-GKHCUFPYSA-N
DB00433,4917,Prochlorperazine,CN1CCN(CC1)CCCN2C3=CC=CC=C3SC4=C2C=C(C=C4)Cl,WIKYUJGCLQQFNW-UHFFFAOYSA-N
DB00434,2913,Cyproheptadine,CN1CCC(=C2C3=CC=CC=C3C=CC4=CC=CC=C42)CC1,JJCFRYNCJDLXIK-UHFFFAOYSA-N
DB00436,2315,Bendroflumethiazide,C1=CC=C(C=C1)CC2NC3=C(C=C(C(=C3)C(F)(F)F)S(=O)(=O)N)S(=O)(=O)N2,HDWIHXWEUNVBIY-UHFFFAOYSA-N
DB00437,135401907,Allopurinol,C1=NNC2=C1C(=O)NC=N2,OFCNXPDARWKPPY-UHFFFAOYSA-N
DB00440,5578,Trimethoprim,COC1=CC(=CC(=C1OC)OC)CC2=CN=C(N=C2N)N,IEDVJHCEMCRBQM-UHFFFAOYSA-N
DB00441,60750,Gemcitabine,C1=CN(C(=O)N=C1N)[C@H]2C([C@@H]([C@H](O2)CO)O)(F)F,SDUQYLNIPVEERB-QPPQHZFASA-N
DB00443,9782,Betamethasone,C[C@H]1C[C@H]2[C@@H]3CCC4=CC(=O)C=C[C@@]4([C@]3([C@H](C[C@@]2([C@]1(C(=O)CO)O)C)O)F)C,UREBDLICKHMUKA-DVTGEIKXSA-N
DB00444,452548,Teniposide,COC1=CC(=CC(=C1O)OC)[C@H]2[C@@H]3[C@H](COC3=O)[C@@H](C4=CC5=C(C=C24)OCO5)O[C@H]6[C@@H]([C@H]([C@H]7[C@H](O6)CO[C@H](O7)C8=CC=CS8)O)O,NRUKOCRGYNPUPR-QBPJDGROSA-N
DB00445,41867,Epirubicin,C[C@H]1[C@@H]([C@H](C[C@@H](O1)O[C@H]2C[C@@](CC3=C2C(=C4C(=C3O)C(=O)C5=C(C4=O)C(=CC=C5)OC)O)(C(=O)CO)O)N)O,AOJJSUZBOXZQNB-VTZDEGQISA-N
DB00448,3883,Lansoprazole,CC1=C(C=CN=C1CS(=O)C2=NC3=CC=CC=C3N2)OCC(F)(F)F,MJIHNNLFOKEZEW-UHFFFAOYSA-N
DB00449,3105,Dipivefrin,CC(C)(C)C(=O)OC1=C(C=C(C=C1)C(CNC)O)OC(=O)C(C)(C)C,OCUJLLGVOUDECM-UHFFFAOYSA-N
DB00451,5819,Thyroxine,C1=C(C=C(C(=C1I)OC2=CC(=C(C(=C2)I)O)I)I)C[C@@H](C(=O)O)N,XUIIKFGFIJCVMT-LBPRGKRZSA-N
DB00454,4058,Meperidine,CCOC(=O)C1(CCN(CC1)C)C2=CC=CC=C2,XADCESSVHJOZHK-UHFFFAOYSA-N
DB00455,3957,Loratadine,CCOC(=O)N1CCC(=C2C3=C(CCC4=C2N=CC=C4)C=C(C=C3)Cl)CC1,JCCNYMKQOSZNPW-UHFFFAOYSA-N
DB00457,4893,Prazosin,COC1=C(C=C2C(=C1)C(=NC(=N2)N3CCN(CC3)C(=O)C4=CC=CO4)N)OC,IENZQIKPVFGBNW-UHFFFAOYSA-N
DB00458,3696,Imipramine,CN(C)CCCN1C2=CC=CC=C2CCC3=CC=CC=C31,BCGWQEUPMDMJNV-UHFFFAOYSA-N
DB00460,5362420,Visudyne,CC1=C(C2=CC3=NC(=CC4=C(C(=C(N4)C=C5[C@@]6([C@@H](C(=CC=C6C(=N5)C=C1N2)C(=O)OC)C(=O)OC)C)C)CCC(=O)OC)C(=C3C)CCC(=O)O)C=C,YTZALCGQUPRCGW-ZSFNYQMMSA-N
DB00461,4409,Nabumetone,CC(=O)CCC1=CC2=C(C=C1)C=C(C=C2)OC,BLXXJMDCKKHMKV-UHFFFAOYSA-N
DB00464,23665772,Sodium Tetradecyl Sulfate,CCCCC(CC)CCC(CC(C)C)OS(=O)(=O)[O-].[Na+],FVEFRICMTUKAML-UHFFFAOYSA-M
DB00465,3826,Ketorolac,C1CN2C(=CC=C2C(=O)C3=CC=CC=C3)C1C(=O)O,OZWKMVRBQXNZKK-UHFFFAOYSA-N
DB00468,3034034,Quinine,COC1=CC2=C(C=CN=C2C=C1)[C@H]([C@@H]3C[C@@H]4CCN3C[C@@H]4C=C)O,LOUPRKONTZGTKE-WZBLMQSHSA-N
DB00469,54677971,Tenoxicam,CN1C(=C(C2=C(S1(=O)=O)C=CS2)O)C(=O)NC3=CC=CC=N3,LZNWYQJJBLGYLT-UHFFFAOYSA-N
DB00470,16078,Tetrahydrocannabinol,CCCCCC1=CC(=C2[C@@H]3C=C(CC[C@H]3C(OC2=C1)(C)C)C)O,CYQFCXCEBYINGO-IAGOWNOFSA-N
DB00471,5281040,Montelukast,CC(C)(C1=CC=CC=C1CC[C@H](C2=CC=CC(=C2)/C=C/C3=NC4=C(C=CC(=C4)Cl)C=C3)SCC5(CC5)CC(=O)O)O,UCHDWCPVSPXUMX-TZIWLTJVSA-N
DB00472,3386,Fluoxetine,CNCCC(C1=CC=CC=C1)OC2=CC=C(C=C2)C(F)(F)F,RTHCYVBBDHJXIQ-UHFFFAOYSA-N
DB00475,2712,Chlordiazepoxide,CN=C1CN(C(=C2C=C(C=CC2=N1)Cl)C3=CC=CC=C3)O,BUCORZSTKDOEKQ-UHFFFAOYSA-N
DB00476,60835,Duloxetine,CNCC[C@@H](C1=CC=CS1)OC2=CC=CC3=CC=CC=C32,ZEUITGRIYCTCEM-KRWDZBQOSA-N
DB00477,2726,Chlorpromazine,CN(C)CCCN1C2=CC=CC=C2SC3=C1C=C(C=C3)Cl,ZPEIMTDSQAKGNT-UHFFFAOYSA-N
DB00480,216326,Lenalidomide,C1CC(=O)NC(=O)C1N2CC3=C(C2=O)C=CC=C3N,GOTYRUGSSMKFNF-UHFFFAOYSA-N
DB00481,5035,Raloxifene,C1CCN(CC1)CCOC2=CC=C(C=C2)C(=O)C3=C(SC4=C3C=CC(=C4)O)C5=CC=C(C=C5)O,GZUITABIAKMVPG-UHFFFAOYSA-N
DB00482,2662,Celecoxib,CC1=CC=C(C=C1)C2=CC(=NN2C3=CC=C(C=C3)S(=O)(=O)N)C(F)(F)F,RZEKVGVHFLEQIL-UHFFFAOYSA-N
DB00484,2435,Brimonidine,C1CN=C(N1)NC2=C(C3=NC=CN=C3C=C2)Br,XYLJNLCSTIOKRM-UHFFFAOYSA-N
DB00489,5253,Sotalol,CC(C)NCC(C1=CC=C(C=C1)NS(=O)(=O)C)O,ZBMZVLHSJCTVON-UHFFFAOYSA-N
DB00490,2477,Buspirone,C1CCC2(C1)CC(=O)N(C(=O)C2)CCCCN3CCN(CC3)C4=NC=CC=N4,QWCRAEMEVRGPNT-UHFFFAOYSA-N
DB00491,441314,Miglitol,C1[C@@H]([C@H]([C@@H]([C@H](N1CCO)CO)O)O)O,IBAQFPQHRJAVAV-ULAWRXDQSA-N
DB00492,9601226,Fosinopril,CCC(=O)O[C@H](C(C)C)O[P@](=O)(CCCCC1=CC=CC=C1)CC(=O)N2C[C@@H](C[C@H]2C(=O)O)C3CCCCC3,BIDNLKIUORFRQP-XYGFDPSESA-N
DB00494,5281081,Entacapone,CCN(CC)C(=O)/C(=C/C1=CC(=C(C(=C1)O)O)[N+](=O)[O-])/C#N,JRURYQJSLYLRLN-BJMVGYQFSA-N
DB00497,5284603,Oxycodone,CN1CC[C@]23[C@@H]4C(=O)CC[C@]2([C@H]1CC5=C3C(=C(C=C5)OC)O4)O,BRUQQQPBMZOVGD-XFKAJCMBSA-N
DB00499,3397,Flutamide,CC(C)C(=O)NC1=CC(=C(C=C1)[N+](=O)[O-])C(F)(F)F,MKXKFYHWDHIYRV-UHFFFAOYSA-N
DB00500,5509,Tolmetin,CC1=CC=C(C=C1)C(=O)C2=CC=C(N2C)CC(=O)O,UPSPUYADGBWSHF-UHFFFAOYSA-N
DB00501,2756,Cimetidine,CC1=C(N=CN1)CSCCNC(=NC)NC#N,AQIXAKUUQRKLND-UHFFFAOYSA-N
DB00502,3559,Haloperidol,C1CN(CCC1(C2=CC=C(C=C2)Cl)O)CCCC(=O)C3=CC=C(C=C3)F,LNEPOXFFQSENCJ-UHFFFAOYSA-N
DB00508,5568,Triflupromazine,CN(C)CCCN1C2=CC=CC=C2SC3=C1C=C(C=C3)C(F)(F)F,XSCGXQMFQXDFCW-UHFFFAOYSA-N
DB00510,,,,
DB00514,5360696,Dextromethorphan,CN1CC[C@@]23CCCC[C@@H]2[C@@H]1CC4=C3C=C(C=C4)OC,MKXZASYAUGDDCJ-NJAFHUGGSA-N
DB00515,441203,trans-Diamminedichloroplatinum,N.N.Cl[Pt+2]Cl,BSJGASKRWFKGMV-UHFFFAOYSA-L
DB00519,5484727,Trandolapril,CCOC(=O)[C@H](CCC1=CC=CC=C1)N[C@@H](C)C(=O)N2[C@H]3CCCC[C@@H]3C[C@H]2C(=O)O,VXFJYXUZANRPDJ-WTNASJBWSA-N
DB00521,2583,Carteolol,CC(C)(C)NCC(COC1=CC=CC2=C1CCC(=O)N2)O,LWAFSWPYPHEXKX-UHFFFAOYSA-N
DB00523,449171,9-Cis-Retinoic Acid,CC1=C(C(CCC1)(C)C)/C=C/C(=C\C=C\C(=C\C(=O)O)\C)/C,SHGAZHPCJJPHSC-ZVCIMWCZSA-N
DB00524,4170,Metolazone,CC1NC2=CC(=C(C=C2C(=O)N1C3=CC=CC=C3C)S(=O)(=O)N)Cl,AQCHWTWZEMGIFD-UHFFFAOYSA-N
DB00527,3025,Dibucaine,CCCCOC1=NC2=CC=CC=C2C(=C1)C(=O)NCCN(CC)CC,PUFQVTATUTYEAL-UHFFFAOYSA-N
DB00528,65866,Lercanidipine,CC1=C(C(C(=C(N1)C)C(=O)OC(C)(C)CN(C)CCC(C2=CC=CC=C2)C3=CC=CC=C3)C4=CC(=CC=C4)[N+](=O)[O-])C(=O)OC,ZDXUKAKRHYTAKV-UHFFFAOYSA-N
DB00530,176870,Erlotinib,COCCOC1=C(C=C2C(=C1)C(=NC=N2)NC3=CC=CC(=C3)C#C)OCCOC,AAKJLRGGTJKAMG-UHFFFAOYSA-N
DB00531,2907,Cyclophosphamide,C1CNP(=O)(OC1)N(CCCl)CCCl,CMSMOCZEIVJLDB-UHFFFAOYSA-N
DB00532,4060,Mephenytoin,CCC1(C(=O)N(C(=O)N1)C)C2=CC=CC=C2,GMHKMTDVRCWUDX-UHFFFAOYSA-N
DB00533,5090,Rofecoxib,CS(=O)(=O)C1=CC=C(C=C1)C2=C(C(=O)OC2)C3=CC=CC=C3,RZJQGNCSTQAWON-UHFFFAOYSA-N
DB00535,6915944,Cefdinir,C=CC1=C(N2[C@@H]([C@@H](C2=O)NC(=O)/C(=N\O)/C3=CSC(=N3)N)SC1)C(=O)O,RTXOFQZKPXMALH-GHXIOONMSA-N
DB00536,3520,Guanidine,C(=N)(N)N,ZRALSGWEFCBTJO-UHFFFAOYSA-N
DB00537,2764,Ciprofloxacin,C1CC1N2C=C(C(=O)C3=CC(=C(C=C32)N4CCNCC4)F)C(=O)O,MYSWGUAQZAJSOK-UHFFFAOYSA-N
DB00540,4543,Nortriptyline,CNCCC=C1C2=CC=CC=C2CCC3=CC=CC=C31,PHVGLTMQBUFIQQ-UHFFFAOYSA-N
DB00541,5388993,(+)-Vincristine,CC[C@@]1(C[C@H]2C[C@@](C3=C(CCN(C2)C1)C4=CC=CC=C4N3)(C5=C(C=C6C(=C5)[C@]78CCN9[C@H]7[C@@](C=CC9)([C@H]([C@@]([C@@H]8N6C=O)(C(=O)OC)O)OC(=O)C)CC)OC)C(=O)OC)O,OGWKCGZFUXNPDA-CFWMRBGOSA-N
DB00542,5362124,Benazepril,CCOC(=O)[C@H](CCC1=CC=CC=C1)N[C@H]2CCC3=CC=CC=C3N(C2=O)CC(=O)O,XPCFTKFZXHTYIP-PMACEKPBSA-N
DB00544,3385,5-Fluorouracil,C1=C(C(=O)NC(=O)N1)F,GHASVSINZRGABV-UHFFFAOYSA-N
DB00545,4991,Pyridostigmine,C[N+]1=CC=CC(=C1)OC(=O)N(C)C,RVOLLAQWKVFTGE-UHFFFAOYSA-N
DB00547,5311067,Desoximetasone,C[C@@H]1C[C@H]2[C@@H]3CCC4=CC(=O)C=C[C@@]4([C@]3([C@H](C[C@@]2([C@H]1C(=O)CO)C)O)F)C,VWVSBHGCDBMOOT-IIEHVVJPSA-N
DB00548,2266,Azelaic Acid,C(CCCC(=O)O)CCCC(=O)O,BDJRBEYXGGNYIS-UHFFFAOYSA-N
DB00549,5717,Zafirlukast,CC1=CC=CC=C1S(=O)(=O)NC(=O)C2=CC(=C(C=C2)CC3=CN(C4=C3C=C(C=C4)NC(=O)OC5CCCC5)C)OC,YEEZWCHGZNKEEK-UHFFFAOYSA-N
DB00550,657298,Propylthiouracil,CCCC1=CC(=O)NC(=S)N1,KNAHARQHSZJURB-UHFFFAOYSA-N
DB00552,439693,Pentostatin,C1[C@@H]([C@H](O[C@H]1N2C=NC3=C2NC=NC[C@H]3O)CO)O,FPVKHBSQESCIEP-JQCXWYLXSA-N
DB00553,4114,8-Methoxypsoralen,COC1=C2C(=CC3=C1OC=C3)C=CC(=O)O2,QXKHYNVANLEOEG-UHFFFAOYSA-N
DB00554,54676228,Piroxicam,CN1C(=C(C2=CC=CC=C2S1(=O)=O)O)C(=O)NC3=CC=CC=N3,QYSPLQLAKJAUJT-UHFFFAOYSA-N
DB00555,3878,Lamotrigine,C1=CC(=C(C(=C1)Cl)Cl)C2=C(N=C(N=N2)N)N,PYZRQGJRPPTADH-UHFFFAOYSA-N
DB00557,3658,Hydroxyzine,C1CN(CCN1CCOCCO)C(C2=CC=CC=C2)C3=CC=C(C=C3)Cl,ZQDWXGKKHFNSQK-UHFFFAOYSA-N
DB00559,104865,Bosentan,CC(C)(C)C1=CC=C(C=C1)S(=O)(=O)NC2=C(C(=NC(=N2)C3=NC=CC=N3)OCCO)OC4=CC=CC=C4OC,GJPICJJJRGTNOD-UHFFFAOYSA-N
DB00563,126941,Methotrexate,CN(CC1=CN=C2C(=N1)C(=NC(=N2)N)N)C3=CC=C(C=C3)C(=O)N[C@@H](CCC(=O)O)C(=O)O,FBOZXECLQNJBKD-ZDUSSCGKSA-N
DB00564,2554,Carbamazepine,C1=CC=C2C(=C1)C=CC3=CC=CC=C3N2C(=O)N,FFGPTBGBLSHEPO-UHFFFAOYSA-N
DB00569,5282448,Heparin Pentasaccharide,CO[C@@H]1[C@@H]([C@H]([C@@H]([C@H](O1)COS(=O)(=O)O)O[C@H]2[C@@H]([C@H]([C@@H]([C@@H](O2)C(=O)O)O[C@@H]3[C@@H]([C@H]([C@@H]([C@H](O3)COS(=O)(=O)O)O[C@H]4[C@@H]([C@H]([C@@H]([C@H](O4)C(=O)O)O[C@@H]5[C@@H]([C@H]([C@@H]([C@H](O5)COS(=O)(=O)O)O)O)NS(=O)(=O)O)O)O)OS(=O)(=O)O)NS(=O)(=O)O)O)OS(=O)(=O)O)O)NS(=O)(=O)O,KANJSNBRCNMZMV-ABRZTLGGSA-N
DB00570,13342,Vinblastine,CC[C@@]1(C[C@H]2C[C@@](C3=C(CCN(C2)C1)C4=CC=CC=C4N3)(C5=C(C=C6C(=C5)[C@]78CCN9[C@H]7[C@@](C=CC9)([C@H]([C@@]([C@@H]8N6C)(C(=O)OC)O)OC(=O)C)CC)OC)C(=O)OC)O,JXLYSJRDGCGARV-CFWMRBGOSA-N
DB00571,4946,Propranolol,CC(C)NCC(COC1=CC=CC2=CC=CC=C21)O,AQHHHDLHHXJYJD-UHFFFAOYSA-N
DB00572,174174,Npc209773,CN1[C@@H]2CC[C@H]1CC(C2)OC(=O)C(CO)C3=CC=CC=C3,RKUNBYITZUJHSG-PJPHBNEVSA-N
DB00573,3342,Fenoprofen,CC(C1=CC(=CC=C1)OC2=CC=CC=C2)C(=O)O,RDJGLLICXDHJDY-UHFFFAOYSA-N
DB00575,2803,Clonidine,C1CN=C(N1)NC2=C(C=CC=C2Cl)Cl,GJSURZIOUXUGAL-UHFFFAOYSA-N
DB00580,119607,Valdecoxib,CC1=C(C(=NO1)C2=CC=CC=C2)C3=CC=C(C=C3)S(=O)(=O)N,LNPDTQAFDNKSHK-UHFFFAOYSA-N
DB00583,10917,(-)-Carnitine,C[N+](C)(C)C[C@@H](CC(=O)[O-])O,PHIQHXFUZVPYII-ZCFIWIBFSA-N
DB00584,5388962,Enalapril,CCOC(=O)[C@H](CCC1=CC=CC=C1)N[C@@H](C)C(=O)N2CCC[C@H]2C(=O)O,GBXSMTUPTTWBMN-XIRDDKMYSA-N
DB00585,3033637,Nizax,CN/C(=C\[N+](=O)[O-])/NCCSCC1=CSC(=N1)CN(C)C,SGXXNSQHWDMGGP-IZZDOVSWSA-N
DB00586,3033,Diclofenac,C1=CC=C(C(=C1)CC(=O)O)NC2=C(C=CC=C2Cl)Cl,DCOPUUMXTXDBNB-UHFFFAOYSA-N
DB00588,444036,Fluticasone Propionate,CCC(=O)O[C@@]1([C@@H](C[C@@H]2[C@@]1(C[C@@H]([C@]3([C@H]2C[C@@H](C4=CC(=O)C=C[C@@]43C)F)F)O)C)C)C(=O)SCF,WMWTYOKRWGGJOA-CENSZEJFSA-N
DB00589,28864,Lisuride,CCN(CC)C(=O)N[C@@H]1CN([C@@H]2CC3=CNC4=CC=CC(=C34)C2=C1)C,BKRGVLQUQGGVSM-KBXCAEBGSA-N
DB00590,3157,Doxazosin,COC1=C(C=C2C(=C1)C(=NC(=N2)N3CCN(CC3)C(=O)C4COC5=CC=CC=C5O4)N)OC,RUZYUOTYCVRMRZ-UHFFFAOYSA-N
DB00591,6215,Fluocinolone Acetonide,C[C@]12C[C@@H]([C@]3([C@H]([C@@H]1C[C@@H]4[C@]2(OC(O4)(C)C)C(=O)CO)C[C@@H](C5=CC(=O)C=C[C@@]53C)F)F)O,FEBLZLNTKCEFIT-VSXGLTOVSA-N
DB00593,3291,Ethosuximide,CCC1(CC(=O)NC1=O)C,HAPOVYFOVVWLRS-UHFFFAOYSA-N
DB00594,16231,Amiloride,C1(=C(N=C(C(=N1)Cl)N)N)C(=O)N=C(N)N,XSDQTOBWRPYKKA-UHFFFAOYSA-N
DB00596,5311167,Halobetasol,C[C@H]1C[C@H]2[C@@H]3C[C@@H](C4=CC(=O)C=C[C@@]4([C@]3([C@H](C[C@@]2([C@]1(C(=O)CCl)O)C)O)F)C)F,LEHFPXVYPMWYQD-XHIJKXOTSA-N
DB00598,3869,Labetalol,CC(CCC1=CC=CC=C1)NCC(C2=CC(=C(C=C2)O)C(=O)N)O,SGUAFYQXFOLMHL-UHFFFAOYSA-N
DB00603,6279,Medroxyprogesterone Acetate,C[C@H]1C[C@@H]2[C@H](CC[C@]3([C@H]2CC[C@@]3(C(=O)C)OC(=O)C)C)[C@@]4(C1=CC(=O)CC4)C,PSGAAPLEWMOORI-PEINSRQWSA-N
DB00604,6917698,Cisapride,CO[C@H]1CN(CC[C@H]1NC(=O)C2=CC(=C(C=C2OC)N)Cl)CCCOC3=CC=C(C=C3)F,DCSUBABJRXZOMT-IRLDBZIGSA-N
DB00605,1548887,Sulindac,CC\1=C(C2=C(/C1=C\C3=CC=C(C=C3)S(=O)C)C=CC(=C2)F)CC(=O)O,MLKXDPUZXIRXEP-MFOYZWKCSA-N
DB00608,2719,Chloroquine,CCN(CC)CCCC(C)NC1=C2C=CC(=CC2=NC=C1)Cl,WHTVZRBIWZFKQO-UHFFFAOYSA-N
DB00611,6916249,Butorphanol,C1CC[C@]2([C@@H]3CC4=C([C@@]2(C1)CCN3CC5CCC5)C=C(C=C4)O)O,IFKLAQQSCNILHL-PWRODBHTSA-N
DB00612,2405,Bisoprolol,CC(C)NCC(COC1=CC=C(C=C1)COCCOC(C)C)O,VHYCDWMUTMEGQY-UHFFFAOYSA-N
DB00619,5291,Imatinib,CC1=C(C=C(C=C1)NC(=O)C2=CC=C(C=C2)CN3CCN(CC3)C)NC4=NC=CC(=N4)C5=CN=CC=C5,KTUFNOKKBVMGRW-UHFFFAOYSA-N
DB00620,31307,Triamcinolone,C[C@]12C[C@@H]([C@]3([C@H]([C@@H]1C[C@H]([C@@]2(C(=O)CO)O)O)CCC4=CC(=O)C=C[C@@]43C)F)O,GFNANZIMVAIWHM-OBYCQNJPSA-N
DB00622,4474,Nicardipine,CC1=C(C(C(=C(N1)C)C(=O)OCCN(C)CC2=CC=CC=C2)C3=CC(=CC=C3)[N+](=O)[O-])C(=O)OC,ZBBHBTPTTSWHBA-UHFFFAOYSA-N
DB00623,3372,Fluphenazine,C1CN(CCN1CCCN2C3=CC=CC=C3SC4=C2C=C(C=C4)C(F)(F)F)CCO,PLDUPXSUYLZYBN-UHFFFAOYSA-N
DB00624,6013,Testosterone,C[C@]12CC[C@H]3[C@H]([C@@H]1CC[C@@H]2O)CCC4=CC(=O)CC[C@]34C,MUMGGOZAMZWBJJ-DYKIIFRCSA-N
DB00627,938,Nicotinic Acid,C1=CC(=CN=C1)C(=O)O,PVNIIMVLHYAWGP-UHFFFAOYSA-N
DB00630,2088,Alendronic Acid,C(CC(O)(P(=O)(O)O)P(=O)(O)O)CN,OGSPWJRAVKPPFI-UHFFFAOYSA-N
DB00631,119182,Clofarabine,C1=NC2=C(N=C(N=C2N1[C@H]3[C@H]([C@@H]([C@H](O3)CO)O)F)Cl)N,WDDPHFBMKLOVOX-AYQXTPAHSA-N
DB00635,5865,Prednisone,C[C@]12CC(=O)[C@H]3[C@H]([C@@H]1CC[C@@]2(C(=O)CO)O)CCC4=CC(=O)C=C[C@]34C,XOFYZVNMUHMLCC-ZPOLXVRWSA-N
DB00636,2796,Clofibrate,CCOC(=O)C(C)(C)OC1=CC=C(C=C1)Cl,KNHUKKLJHYUCFP-UHFFFAOYSA-N
DB00637,2247,Astemizole,COC1=CC=C(C=C1)CCN2CCC(CC2)NC3=NC4=CC=CC=C4N3CC5=CC=C(C=C5)F,GXDALQBWZGODGZ-UHFFFAOYSA-N
DB00638,24763,GlyTouCan:G35236GY,C([C@@H]1[C@H]([C@@H]([C@H]([C@H](O1)O[C@]2([C@H]([C@@H]([C@H](O2)CO)O)O)CO[C@]3([C@H]([C@@H]([C@H](O3)CO)O)O)CO[C@]4([C@H]([C@@H]([C@H](O4)CO)O)O)CO[C@]5([C@H]([C@@H]([C@H](O5)CO)O)O)CO[C@]6([C@H]([C@@H]([C@H](O6)CO)O)O)CO[C@]7([C@H]([C@@H]([C@H](O7)CO)O)O)CO[C@]8([C@H]([C@@H]([C@H](O8)CO)O)O)CO[C@]9([C@H]([C@@H]([C@H](O9)CO)O)O)CO[C@]1([C@H]([C@@H]([C@H](O1)CO)O)O)CO[C@]1([C@H]([C@@H]([C@H](O1)CO)O)O)CO[C@]1([C@H]([C@@H]([C@H](O1)CO)O)O)CO[C@]1([C@H]([C@@H]([C@H](O1)CO)O)O)CO[C@]1([C@H]([C@@H]([C@H](O1)CO)O)O)CO[C@]1([C@H]([C@@H]([C@H](O1)CO)O)O)CO[C@]1([C@H]([C@@H]([C@H](O1)CO)O)O)CO[C@]1([C@H]([C@@H]([C@H](O1)CO)O)O)CO[C@]1([C@H]([C@@H]([C@H](O1)CO)O)O)CO[C@]1([C@H]([C@@H]([C@H](O1)CO)O)O)CO[C@]1([C@H]([C@@H]([C@H](O1)CO)O)O)CO[C@]1([C@H]([C@@H]([C@H](O1)CO)O)O)CO[C@]1([C@H]([C@@H]([C@H](O1)CO)O)O)CO[C@]1([C@H]([C@@H]([C@H](O1)CO)O)O)CO[C@]1([C@H]([C@@H]([C@H](O1)CO)O)O)CO[C@]1([C@H]([C@@H]([C@H](O1)CO)O)O)CO[C@]1([C@H]([C@@H]([C@H](O1)CO)O)O)CO[C@]1([C@H]([C@@H]([C@H](O1)CO)O)O)CO[C@]1([C@H]([C@@H]([C@H](O1)CO)O)O)CO[C@]1([C@H]([C@@H]([C@H](O1)CO)O)O)CO[C@]1([C@H]([C@@H]([C@H](O1)CO)O)O)CO[C@]1([C@H]([C@@H]([C@H](O1)CO)O)O)CO[C@]1([C@H]([C@@H]([C@H](O1)CO)O)O)CO[C@]1([C@H]([C@@H]([C@H](O1)CO)O)O)CO[C@]1([C@H]([C@@H]([C@H](O1)CO)O)O)CO[C@]1([C@H]([C@@H]([C@H](O1)CO)O)O)CO[C@]1([C@H]([C@@H]([C@H](O1)CO)O)O)CO[C@]1([C@H]([C@@H]([C@H](O1)CO)O)O)CO[C@]1([C@H]([C@@H]([C@H](O1)CO)O)O)CO)O)O)O)O,JYJIGFIDKWBXDU-MNNPPOADSA-N
DB00640,60961,Adenosine,C1=NC(=C2C(=N1)N(C=N2)[C@H]3[C@@H]([C@@H]([C@H](O3)CO)O)O)N,OIRDTQYFTABQOQ-KQYNXXCUSA-N
DB00641,54454,Simvastatin,CCC(C)(C)C(=O)O[C@H]1C[C@H](C=C2[C@H]1[C@H]([C@H](C=C2)C)CC[C@@H]3C[C@H](CC(=O)O3)O)C,RYMZZMVNJRMUDD-HGQWONQESA-N
DB00642,135410875,Pemetrexed,C1=CC(=CC=C1CCC2=CNC3=C2C(=O)NC(=N3)N)C(=O)N[C@@H](CCC(=O)O)C(=O)O,WBXPDJSOTKVWSJ-ZDUSSCGKSA-N
DB00644,36523,Lhrh,CC(C)CC(C(=O)NC(CCCN=C(N)N)C(=O)N1CCCC1C(=O)NCC(=O)N)NC(=O)CNC(=O)C(CC2=CC=C(C=C2)O)NC(=O)C(CO)NC(=O)C(CC3=CNC4=CC=CC=C43)NC(=O)C(CC5=CN=CN5)NC(=O)C6CCC(=O)N6,XLXSAKCOAKORKW-UHFFFAOYSA-N
DB00647,,Propoxyphene,,
DB00650,,Folinic acid,,
DB00651,,Dyphylline,,
DB00652,441278,Pentazocine,C[C@H]1[C@H]2CC3=C([C@@]1(CCN2CC=C(C)C)C)C=C(C=C3)O,VOKSWYLNZZRQPF-GDIGMMSISA-N
DB00653,24083,Sulfuric acid magnesium salt (1:1),[O-]S(=O)(=O)[O-].[Mg+2],CSNNHWWHGAXBCP-UHFFFAOYSA-L
DB00654,5311221,Latanoprost,CC(C)OC(=O)CCC/C=C\C[C@H]1[C@H](C[C@H]([C@@H]1CC[C@H](CCC2=CC=CC=C2)O)O)O,GGXICVAJURFBLW-CEYXHVGTSA-N
DB00655,5870,Estrone,C[C@]12CC[C@H]3[C@H]([C@@H]1CCC2=O)CCC4=C3C=CC(=C4)O,DNXHEGUUPJUMQT-CBZIJGRNSA-N
DB00657,4032,Mecamylamine,CC1(C2CCC(C2)C1(C)NC)C,IMYZQPCYWPFTAG-UHFFFAOYSA-N
DB00659,71158,Acamprosate,CC(=O)NCCCS(=O)(=O)O,AFCGFAGUEYAMAO-UHFFFAOYSA-N
DB00661,2520,Verapamil,CC(C)C(CCCN(C)CCC1=CC(=C(C=C1)OC)OC)(C#N)C2=CC(=C(C=C2)OC)OC,SGTNSNPWRIOYBX-UHFFFAOYSA-N
DB00663,16490,Flumethasone,C[C@@H]1C[C@H]2[C@@H]3C[C@@H](C4=CC(=O)C=C[C@@]4([C@]3([C@H](C[C@@]2([C@]1(C(=O)CO)O)C)O)F)C)F,WXURHACBFYSXBI-GQKYHHCASA-N
DB00668,5816,Epinephrine,CNC[C@@H](C1=CC(=C(C=C1)O)O)O,UCTWMZQNUQWSLP-VIFPVBQESA-N
DB00669,5358,Sumatriptan,CNS(=O)(=O)CC1=CC2=C(C=C1)NC=C2CCN(C)C,KQKPFRSPSRPDEB-UHFFFAOYSA-N
DB00672,2727,Chlorpropamide,CCCNC(=O)NS(=O)(=O)C1=CC=C(C=C1)Cl,RKWGIWYCVPQPMF-UHFFFAOYSA-N
DB00674,9651,(-)-Galantamine,CN1CC[C@@]23C=C[C@@H](C[C@@H]2OC4=C(C=CC(=C34)C1)OC)O,ASUTZQLVASHGKV-JDFRZJQESA-N
DB00675,2733526,Tamoxifen,CC/C(=C(\C1=CC=CC=C1)/C2=CC=C(C=C2)OCCN(C)C)/C3=CC=CC=C3,NKANXQFJJICGDU-QPLCGJKRSA-N
DB00678,3961,Losartan,CCCCC1=NC(=C(N1CC2=CC=C(C=C2)C3=CC=CC=C3C4=NNN=N4)CO)Cl,PSIFNNKUMBGKDQ-UHFFFAOYSA-N
DB00679,5452,Thioridazine,CN1CCCCC1CCN2C3=CC=CC=C3SC4=C2C=C(C=C4)SC,KLBQZWRITKRQQV-UHFFFAOYSA-N
DB00682,54678486,Warfarin,CC(=O)CC(C1=CC=CC=C1)C2=C(C3=CC=CC=C3OC2=O)O,PJVWKTKQMONHTI-UHFFFAOYSA-N
DB00686,37720,Xylan Sulfate,C1[C@H]([C@@H]([C@H]([C@@H](O1)O[C@@H]2CO[C@H]([C@@H]([C@H]2OS(=O)(=O)O)OS(=O)(=O)O)O)OS(=O)(=O)O)OS(=O)(=O)O)O,FCCNSUIJIOOXEZ-SJYYZXOBSA-N
DB00687,31378,Fludrocortisone,C[C@]12CCC(=O)C=C1CC[C@@H]3[C@@]2([C@H](C[C@]4([C@H]3CC[C@@]4(C(=O)CO)O)C)O)F,AAXVEMMRQDVLJB-BULBTXNYSA-N
DB00691,91270,Moexipril,CCOC(=O)[C@H](CCC1=CC=CC=C1)N[C@@H](C)C(=O)N2CC3=CC(=C(C=C3C[C@H]2C(=O)O)OC)OC,UWWDHYUMIORJTA-HSQYWUDLSA-N
DB00692,5775,Phentolamine,CC1=CC=C(C=C1)N(CC2=NCCN2)C3=CC(=CC=C3)O,MRBDMNSDAVCSSF-UHFFFAOYSA-N
DB00694,30323,Daunorubicin,C[C@H]1[C@H]([C@H](C[C@@H](O1)O[C@H]2C[C@@](CC3=C2C(=C4C(=C3O)C(=O)C5=C(C4=O)C(=CC=C5)OC)O)(C(=O)C)O)N)O,STQGQHZAVUOBTE-VGBVRHCVSA-N
DB00695,3440,Furosemide,C1=COC(=C1)CNC2=CC(=C(C=C2C(=O)O)S(=O)(=O)N)Cl,ZZUFCTLCJUWOSV-UHFFFAOYSA-N
DB00696,8223,Ergotamine,C[C@@]1(C(=O)N2[C@H](C(=O)N3CCC[C@H]3[C@@]2(O1)O)CC4=CC=CC=C4)NC(=O)[C@H]5CN([C@@H]6CC7=CNC8=CC=CC(=C78)C6=C5)C,XCGSFFUVFURLIX-VFGNJEKYSA-N
DB00697,5487,Tizanidine,C1CN=C(N1)NC2=C(C=CC3=NSN=C32)Cl,XFYDIVBRZNQMJC-UHFFFAOYSA-N
DB00699,34040,Nicergoline,CN1C[C@@H](C[C@]2([C@H]1CC3=CN(C4=CC=CC2=C34)C)OC)COC(=O)C5=CC(=CN=C5)Br,YSEXMKHXIOCEJA-FVFQAYNVSA-N
DB00704,5360515,Naltrexone,C1CC1CN2CC[C@]34[C@@H]5C(=O)CC[C@]3([C@H]2CC6=C4C(=C(C=C6)O)O5)O,DQCKKXVULJGBQN-XFWGSAIBSA-N
DB00706,129211,Tamsulosin,CCOC1=CC=CC=C1OCCN[C@H](C)CC2=CC(=C(C=C2)OC)S(=O)(=O)N,DRHKJLXJIQTDTD-OAHLLOKOSA-N
DB00707,,Porfimer Sodium,,
DB00710,60852,Ibandronate,CCCCCN(C)CCC(O)(P(=O)(O)O)P(=O)(O)O,MPBVHIBUJCELCL-UHFFFAOYSA-N
DB00712,3394,Flurbiprofen,CC(C1=CC(=C(C=C1)C2=CC=CC=C2)F)C(=O)O,SYTBZMRGLBWNTM-UHFFFAOYSA-N
DB00714,6005,Apomorphine,CN1CCC2=C3[C@H]1CC4=C(C3=CC=C2)C(=C(C=C4)O)O,VMWNQDUVQKEIOC-CYBMUJFWSA-N
DB00715,43815,Paroxetine,C1CNC[C@H]([C@@H]1C2=CC=C(C=C2)F)COC3=CC4=C(C=C3)OCO4,AHOUBRCZNHFOSL-YOEHRIQHSA-N
DB00716,50294,Nedocromil,CCCC1=C2C(=CC3=C1OC(=CC3=O)C(=O)O)C(=O)C=C(N2CC)C(=O)O,RQTOOFIXOKYGAN-UHFFFAOYSA-N
DB00717,6230,Norethindrone,C[C@]12CC[C@H]3[C@H]([C@@H]1CC[C@]2(C#C)O)CCC4=CC(=O)CC[C@H]34,VIKNJXKGJWUCNN-XGXHKTLJSA-N
DB00719,19861,Azatadine,CN1CCC(=C2C3=CC=CC=C3CCC4=C2N=CC=C4)CC1,SEBMTIQKRHYNIT-UHFFFAOYSA-N
DB00721,4914,Procaine,CCN(CC)CCOC(=O)C1=CC=C(C=C1)N,MFDFERRIHVXMIY-UHFFFAOYSA-N
DB00722,5362119,Lisinopril,C1C[C@H](N(C1)C(=O)[C@H](CCCCN)N[C@@H](CCC2=CC=CC=C2)C(=O)O)C(=O)O,RLAWWYSOJDYHDC-BZSNNMDCSA-N
DB00724,57469,Imiquimod,CC(C)CN1C=NC2=C1C3=CC=CC=C3N=C2N,DOUYETYNHWVLEO-UHFFFAOYSA-N
DB00727,4510,Nitroglycerin,C(C(CO[N+](=O)[O-])O[N+](=O)[O-])O[N+](=O)[O-],SNIOPGDIGTZGOP-UHFFFAOYSA-N
DB00731,5311309,Nateglinide,CC(C)C1CCC(CC1)C(=O)N[C@H](CC2=CC=CC=C2)C(=O)O,OELFLUMRDSZNSF-OFLPRAFFSA-N
DB00733,135398747,Pralidoxime,C[N+]1=CC=CC=C1/C=N/O,JBKPUQTUERUYQE-UHFFFAOYSA-O
DB00734,5073,Risperidone,CC1=C(C(=O)N2CCCCC2=N1)CCN3CCC(CC3)C4=NOC5=C4C=CC(=C5)F,RAPZEAPATHNIPO-UHFFFAOYSA-N
DB00736,9568614,Esomeprazole,CC1=CN=C(C(=C1OC)C)C[S@](=O)C2=NC3=C(N2)C=C(C=C3)OC,SUBDBMMJDZJVOS-DEOSSOPVSA-N
DB00741,5754,Cortisol,C[C@]12CCC(=O)C=C1CC[C@@H]3[C@@H]2[C@H](C[C@]4([C@H]3CC[C@@]4(C(=O)CO)O)C)O,JYGXADMDTFJGBT-VWUMJDOOSA-N
DB00744,60490,Zileuton,CC(C1=CC2=CC=CC=C2S1)N(C(=O)N)O,MWLSOWXNZPKENC-UHFFFAOYSA-N
DB00745,4236,Modafinil,C1=CC=C(C=C1)C(C2=CC=CC=C2)S(=O)CC(=O)N,YFGHCGITMMYXAQ-UHFFFAOYSA-N
DB00747,3000322,Boro-Scopol,CN1[C@@H]2CC(C[C@H]1[C@H]3[C@@H]2O3)OC(=O)[C@H](CO)C4=CC=CC=C4,STECJAGHUSJQJN-USLFZFAMSA-N
DB00748,2564,Carbinoxamine,CN(C)CCOC(C1=CC=C(C=C1)Cl)C2=CC=CC=N2,OJFSXZCBGQGRNV-UHFFFAOYSA-N
DB00749,3308,Etodolac,CCC1=C2C(=CC=C1)C3=C(N2)C(OCC3)(CC)CC(=O)O,NNYBQONXHNTVIJ-UHFFFAOYSA-N
DB00750,4906,Prilocaine,CCCNC(C)C(=O)NC1=CC=CC=C1C,MVFGUOIZUNYYSO-UHFFFAOYSA-N
DB00751,3241,Epinastine,C1C2C3=CC=CC=C3CC4=CC=CC=C4N2C(=N1)N,WHWZLSFABNNENI-UHFFFAOYSA-N
DB00754,3292,Ethotoin,CCN1C(=O)C(NC1=O)C2=CC=CC=C2,SZQIFWWUIBRPBZ-UHFFFAOYSA-N
DB00755,444795,Retinoic Acid,CC1=C(C(CCC1)(C)C)/C=C/C(=C/C=C/C(=C/C(=O)O)/C)/C,SHGAZHPCJJPHSC-YCNIQYBTSA-N
DB00757,3033818,Dolasetron,C1[C@@H]2CC(C[C@H]3N2CC(=O)C1C3)OC(=O)C4=CNC5=CC=CC=C54,UKTAZPQNNNJVKR-AKJUYKBHSA-N
DB00758,60606,Clopidogrel,COC(=O)[C@H](C1=CC=CC=C1Cl)N2CCC3=C(C2)C=CS3,GKTWGGQPFAXNFI-HNNXBMFYSA-N
DB00759,54675776,Tetracycline,C[C@@]1([C@H]2C[C@H]3[C@@H](C(=O)C(=C([C@]3(C(=O)C2=C(C4=C1C=CC=C4O)O)O)O)C(=O)N)N(C)C)O,NWXMGUDVXFXRIG-WESIUVDSSA-N
DB00762,60838,Irinotecan,CCC1=C2CN3C(=CC4=C(C3=O)COC(=O)[C@@]4(CC)O)C2=NC5=C1C=C(C=C5)OC(=O)N6CCC(CC6)N7CCCCC7,UWKQSNNFCGGAFS-XIFFEERXSA-N
DB00763,1349907,Methimazole,CN1C=CNC1=S,PMRYVIKBURPHAH-UHFFFAOYSA-N
DB00764,441335,Mometasone,C[C@@H]1C[C@H]2[C@@H]3CCC4=CC(=O)C=C[C@@]4([C@]3([C@H](C[C@@]2([C@]1(C(=O)CCl)O)C)O)Cl)C,QLIIKPVHVRXHRI-CXSFZGCWSA-N
DB00765,441350,Metyrosine,C[C@](CC1=CC=C(C=C1)O)(C(=O)O)N,NHTGHBARYWONDQ-JTQLQIEISA-N
DB00767,2342,Benzquinamide,CCN(CC)C(=O)C1CN2CCC3=CC(=C(C=C3C2CC1OC(=O)C)OC)OC,JSZILQVIPPROJI-UHFFFAOYSA-N
DB00768,5281071,Olopatadine,CN(C)CC/C=C\1/C2=CC=CC=C2COC3=C1C=C(C=C3)CC(=O)O,JBIMVDZLSHOPLA-LSCVHKIXSA-N
DB00770,5280723,Alprostadil,CCCCC[C@@H](/C=C/[C@H]1[C@@H](CC(=O)[C@@H]1CCCCCCC(=O)O)O)O,GMVPRGQOIOIIMI-DWKJAMRDSA-N
DB00771,2784,Clidinium,C[N+]12CCC(CC1)C(C2)OC(=O)C(C3=CC=CC=C3)(C4=CC=CC=C4)O,HOOSGZJRQIVJSZ-UHFFFAOYSA-N
DB00773,36462,Etoposide,C[C@@H]1OC[C@@H]2[C@@H](O1)[C@@H]([C@H]([C@@H](O2)O[C@H]3[C@H]4COC(=O)[C@@H]4[C@@H](C5=CC6=C(C=C35)OCO6)C7=CC(=C(C(=C7)OC)O)OC)O)O,VJJPUSNTGOMMGY-MRVIYFEKSA-N
DB00775,60947,Tirofiban,CCCCS(=O)(=O)N[C@@H](CC1=CC=C(C=C1)OCCCCC2CCNCC2)C(=O)O,COKMIXFXJJXBQG-NRFANRHFSA-N
DB00776,34312,Oxcarbazepine,C1C2=CC=CC=C2N(C3=CC=CC=C3C1=O)C(=O)N,CTRLABGOLIVAIY-UHFFFAOYSA-N
DB00780,3675,Phenelzine,C1=CC=C(C=C1)CCNN,RMUCZJUITONUFY-UHFFFAOYSA-N
DB00783,5757,Estradiol,C[C@]12CC[C@H]3[C@H]([C@@H]1CC[C@@H]2O)CCC4=C3C=CC(=C4)O,VOXZDWNPVJITMN-ZBRFXRBCSA-N
DB00784,4044,Mefenamic Acid,CC1=C(C(=CC=C1)NC2=CC=CC=C2C(=O)O)C,HYYBABOKPJLUIN-UHFFFAOYSA-N
DB00787,135398513,Acyclovir,C1=NC2=C(N1COCCO)N=C(NC2=O)N,MKUXAQIIEYXACX-UHFFFAOYSA-N
DB00788,156391,Naproxen,C[C@@H](C1=CC2=C(C=C1)C=C(C=C2)OC)C(=O)O,CMWTZPSULFXXJA-VIFPVBQESA-N
DB00790,107807,Perindopril,CCC[C@@H](C(=O)OCC)N[C@@H](C)C(=O)N1[C@H]2CCCC[C@H]2C[C@H]1C(=O)O,IPVQLZZIHOAWMC-QXKUPLGCSA-N
DB00794,4909,Primidone,CCC1(C(=O)NCNC1=O)C2=CC=CC=C2,DQMZLTXERSFNPB-UHFFFAOYSA-N
DB00795,5339,Sulfasalazine,C1=CC=NC(=C1)NS(=O)(=O)C2=CC=C(C=C2)N=NC3=CC(=C(C=C3)O)C(=O)O,NCEXYHBECQHGNR-UHFFFAOYSA-N
DB00796,2540,Candesartan Cilexetil,CCOC1=NC2=CC=CC(=C2N1CC3=CC=C(C=C3)C4=CC=CC=C4C5=NNN=N5)C(=O)OC(C)OC(=O)OC6CCCCC6,GHOSNRCGJFBJIB-UHFFFAOYSA-N
DB00800,3341,Fenoldopam,C1CNCC(C2=CC(=C(C(=C21)Cl)O)O)C3=CC=C(C=C3)O,TVURRHSHRRELCG-UHFFFAOYSA-N
DB00804,3042,Dicyclomine,CCN(CC)CCOC(=O)C1(CCCCC1)C2CCCCC2,CURUTKGFNZGFSE-UHFFFAOYSA-N
DB00806,4740,Pentoxifylline,CC(=O)CCCCN1C(=O)C2=C(N=CN2C)N(C1=O)C,BYPFEZZEUUWMEJ-UHFFFAOYSA-N
DB00808,3702,Indapamide,CC1CC2=CC=CC=C2N1NC(=O)C3=CC(=C(C=C3)Cl)S(=O)(=O)N,NDDAHWYSQHTHNT-UHFFFAOYSA-N
DB00810,2381,Biperiden,C1CCN(CC1)CCC(C2CC3CC2C=C3)(C4=CC=CC=C4)O,YSXKPIUOCJLQIE-UHFFFAOYSA-N
DB00813,3345,Fentanyl,CCC(=O)N(C1CCN(CC1)CCC2=CC=CC=C2)C3=CC=CC=C3,PJMPHNIQZUBGLI-UHFFFAOYSA-N
DB00814,54677470,Meloxicam,CC1=CN=C(S1)NC(=O)C2=C(C3=CC=CC=C3S(=O)(=O)N2C)O,ZRVUJXDFFKFLMG-UHFFFAOYSA-N
DB00816,4086,Metaproterenol,CC(C)NCC(C1=CC(=CC(=C1)O)O)O,LMOINURANNBYCM-UHFFFAOYSA-N
DB00819,1986,Acetazolamide,CC(=O)NC1=NN=C(S1)S(=O)(=O)N,BZKPWHYZMXOIDC-UHFFFAOYSA-N
DB00820,110635,Tadalafil,CN1CC(=O)N2[C@@H](C1=O)CC3=C([C@H]2C4=CC5=C(C=C4)OCO5)NC6=CC=CC=C36,WOXKDUGGOYFFRN-IIBYNOLFSA-N
DB00822,3117,Disulfiram,CCN(CC)C(=S)SSC(=S)N(CC)CC,AUZONCFQVSMFAP-UHFFFAOYSA-N
DB00829,3016,Diazepam,CN1C(=O)CN=C(C2=C1C=CC(=C2)Cl)C3=CC=CC=C3,AAOVKJBEBIDNHE-UHFFFAOYSA-N
DB00831,5566,Trifluoperazine,CN1CCN(CC1)CCCN2C3=CC=CC=C3SC4=C2C=C(C=C4)C(F)(F)F,ZEWQUBUPAILYHI-UHFFFAOYSA-N
DB00834,55245,Mifepristone,CC#C[C@@]1(CC[C@@H]2[C@@]1(C[C@@H](C3=C4CCC(=O)C=C4CC[C@@H]23)C5=CC=C(C=C5)N(C)C)C)O,VKHAHZOOUSRJNA-GCNJZUOMSA-N
DB00835,6834,Brompheniramine,CN(C)CCC(C1=CC=C(C=C1)Br)C2=CC=CC=N2,ZDIGNSYAACHWNL-UHFFFAOYSA-N
DB00839,5503,Tolazamide,CC1=CC=C(C=C1)S(=O)(=O)NC(=O)NN2CCCCCC2,OUDSBRTVNLOZBN-UHFFFAOYSA-N
DB00843,3152,Donepezil,COC1=C(C=C2C(=C1)CC(C2=O)CC3CCN(CC3)CC4=CC=CC=C4)OC,ADEBPBSSDYVVLD-UHFFFAOYSA-N
DB00844,5311304,Nalbuphine,C1CC(C1)CN2CC[C@]34[C@@H]5[C@H](CC[C@]3([C@H]2CC6=C4C(=C(C=C6)O)O5)O)O,NETZHAKZCGBWSS-CEDHKZHLSA-N
DB00846,15209,Flurandrenolide,C[C@]12CCC(=O)C=C1[C@H](C[C@@H]3[C@@H]2[C@H](C[C@]4([C@H]3C[C@@H]5[C@]4(OC(O5)(C)C)C(=O)CO)C)O)F,POPFMWWJOGLOIF-XWCQMRHXSA-N
DB00847,6058,Cysteamine,C(CS)N,UFULAYFCSOUIOV-UHFFFAOYSA-N
DB00848,26879,Levamisole,C1CSC2=N[C@H](CN21)C3=CC=CC=C3,HLFSDGLLUJUHTE-SNVBAGLBSA-N
DB00851,135398738,Dacarbazine,CN(C)/N=N/C1=C(NC=N1)C(=O)N,FDKXTQMXEQVLRF-ZHACJKMWSA-N
DB00852,7028,Pseudoephedrine,C[C@@H]([C@H](C1=CC=CC=C1)O)NC,KWGRBVOPPLSCSI-WCBMZHEXSA-N
DB00853,5394,Temozolomide,CN1C(=O)N2C=NC(=C2N=N1)C(=O)N,BPEGJWRSRHCHSN-UHFFFAOYSA-N
DB00856,7697,Chlorphenesin,C1=CC(=CC=C1OCC(CO)O)Cl,MXOAEAUPQDYUQM-UHFFFAOYSA-N
DB00859,5852,Penicillamine,CC(C)([C@H](C(=O)O)N)S,VVNCNSJFMMFHPL-VKHMYHEASA-N
DB00860,5755,Prednisolone,C[C@]12C[C@@H]([C@H]3[C@H]([C@@H]1CC[C@@]2(C(=O)CO)O)CCC4=CC(=O)C=C[C@]34C)O,OIGNJSKKLXVSLS-VWUMJDOOSA-N
DB00861,3059,Diflunisal,C1=CC(=C(C=C1C2=C(C=C(C=C2)F)F)C(=O)O)O,HUPFGZXOMWLGNK-UHFFFAOYSA-N
DB00863,5039,Ranisen,CNC(=C[N+](=O)[O-])NCCSCC1=CC=C(O1)CN(C)C,VMXUWOKSQNHOCA-UHFFFAOYSA-N
DB00864,445643,Tacrolimus,C[C@@H]1C[C@@H]([C@@H]2[C@H](C[C@H]([C@@](O2)(C(=O)C(=O)N3CCCC[C@H]3C(=O)O[C@@H]([C@@H]([C@H](CC(=O)[C@@H](/C=C(/C1)\C)CC=C)O)C)/C(=C/[C@@H]4CC[C@H]([C@@H](C4)OC)O)/C)O)C)OC)OC,QJJXYPPXXYFBGM-LFZNUXCKSA-N
DB00865,5311017,Benzphetamine,C[C@@H](CC1=CC=CC=C1)N(C)CC2=CC=CC=C2,YXKTVDFXDRQTKV-HNNXBMFYSA-N
DB00868,7699,Benzonatate,CCCCNC1=CC=C(C=C1)C(=O)OCCOCCOCCOCCOCCOCCOCCOCCOCCOC,MAFMQEKGGFWBAB-UHFFFAOYSA-N
DB00869,5284549,Dorzolamide,CCN[C@H]1C[C@@H](S(=O)(=O)C2=C1C=C(S2)S(=O)(=O)N)C,IAVUPMFITXYVAF-XPUUQOCRSA-N
DB00871,5403,Terbutaline,CC(C)(C)NCC(C1=CC(=CC(=C1)O)O)O,XWTYSIMOBUGWOL-UHFFFAOYSA-N
DB00873,9865442,Loteprednol,C[C@]12C[C@@H]([C@H]3[C@H]([C@@H]1CC[C@@]2(C(=O)OCCl)O)CCC4=CC(=O)C=C[C@]34C)O,YPZVAYHNBBHPTO-MXRBDKCISA-N
DB00876,5281037,Eprosartan,CCCCC1=NC=C(N1CC2=CC=C(C=C2)C(=O)O)/C=C(\CC3=CC=CS3)/C(=O)O,OROAFUQRIXKEMV-LDADJPATSA-N
DB00880,2720,Chlorothiazide,C1=C2C(=CC(=C1Cl)S(=O)(=O)N)S(=O)(=O)N=CN2,JBMKAUGHUNFTOL-UHFFFAOYSA-N
DB00881,54892,Quinapril,CCOC(=O)[C@H](CCC1=CC=CC=C1)N[C@@H](C)C(=O)N2CC3=CC=CC=C3C[C@H]2C(=O)O,JSDRRTOADPPCHY-HSQYWUDLSA-N
DB00882,2800,Clomiphene,CCN(CC)CCOC1=CC=C(C=C1)C(=C(C2=CC=CC=C2)Cl)C3=CC=CC=C3,GKIRPKYJQBWNGO-UHFFFAOYSA-N
DB00883,6883,Isosorbide Dinitrate,C1[C@H]([C@@H]2[C@H](O1)[C@H](CO2)O[N+](=O)[O-])O[N+](=O)[O-],MOYKHGMNXAOIAT-JGWLITMVSA-N
DB00884,5245,Risedronate,C1=CC(=CN=C1)CC(O)(P(=O)(O)O)P(=O)(O)O,IIDJRNMFWXDHID-UHFFFAOYSA-N
DB00887,2471,Bumetanide,CCCCNC1=C(C(=CC(=C1)C(=O)O)S(=O)(=O)N)OC2=CC=CC=C2,MAEIEVLCKWDQJH-UHFFFAOYSA-N
DB00888,4033,Mechlorethamine,CN(CCCl)CCCl,HAWPXGHAZFHHAD-UHFFFAOYSA-N
DB00889,5284566,Granisetron (JAN/USAN/INN),CN1[C@@H]2CCC[C@H]1CC(C2)NC(=O)C3=NN(C4=CC=CC=C43)C,MFWNKCLOYSRHCJ-AGUYFDCRSA-N
DB00898,702,Ethanol,CCO,LFQSCWFLJHTTHZ-UHFFFAOYSA-N
DB00899,60815,Remifentanil,CCC(=O)N(C1=CC=CC=C1)C2(CCN(CC2)CCC(=O)OC)C(=O)OC,ZTVQQQVZCWLTDF-UHFFFAOYSA-N
DB00901,35330,Bitolterol,CC1=CC=C(C=C1)C(=O)OC2=C(C=C(C=C2)C(CNC(C)(C)C)O)OC(=O)C3=CC=C(C=C3)C,FZGVEKPRDOIXJY-UHFFFAOYSA-N
DB00903,3278,Ethacrynic Acid,CCC(=C)C(=O)C1=C(C(=C(C=C1)OCC(=O)O)Cl)Cl,AVOLMBLBETYQHX-UHFFFAOYSA-N
DB00904,4595,Ondansetron,CC1=NC=CN1CC2CCC3=C(C2=O)C4=CC=CC=C4N3C,FELGMEQIXOGIFQ-UHFFFAOYSA-N
DB00905,5311027,Bimatoprost,CCNC(=O)CCC/C=C\C[C@H]1[C@H](C[C@H]([C@@H]1/C=C/[C@H](CCC2=CC=CC=C2)O)O)O,AQOKCDNYWBIDND-FTOWTWDKSA-N
DB00906,60648,Tiagabine,CC1=C(SC=C1)C(=CCCN2CCC[C@H](C2)C(=O)O)C3=C(C=CS3)C,PBJUNZJWGZTSKL-MRXNPFEDSA-N
DB00907,446220,Cocaine,CN1[C@H]2CC[C@@H]1[C@H]([C@H](C2)OC(=O)C3=CC=CC=C3)C(=O)OC,ZPUCINDJVBIVPJ-LJISPDSOSA-N
DB00908,441074,Quinidine,COC1=CC2=C(C=CN=C2C=C1)[C@@H]([C@H]3C[C@@H]4CCN3C[C@@H]4C=C)O,LOUPRKONTZGTKE-LHHVKLHASA-N
DB00909,5734,Zonisamide,C1=CC=C2C(=C1)C(=NO2)CS(=O)(=O)N,UBQNRHZMVUUOMG-UHFFFAOYSA-N
DB00912,65981,Repaglinide,CCOC1=C(C=CC(=C1)CC(=O)N[C@@H](CC(C)C)C2=CC=CC=C2N3CCCCC3)C(=O)O,FAEKWTJYAYMJKF-QHCPKHFHSA-N
DB00915,2130,Amantadine,C1C2CC3CC1CC(C2)(C3)N,DKNWSYNQZKUICI-UHFFFAOYSA-N
DB00917,5280360,Prostaglandin E2,CCCCC[C@@H](/C=C/[C@H]1[C@@H](CC(=O)[C@@H]1C/C=C\CCCC(=O)O)O)O,XEYBRNLFEZDVAW-ARSRFYASSA-N
DB00918,123606,Almotriptan,CN(C)CCC1=CNC2=C1C=C(C=C2)CS(=O)(=O)N3CCCC3,WKEMJKQOLOHJLZ-UHFFFAOYSA-N
DB00920,3827,Ketotifen,CN1CCC(=C2C3=C(C(=O)CC4=CC=CC=C42)SC=C3)CC1,ZCVMWBYGMWKGHF-UHFFFAOYSA-N
DB00921,644073,Buprenorphine,C[C@]([C@H]1C[C@@]23CC[C@@]1([C@H]4[C@@]25CCN([C@@H]3CC6=C5C(=C(C=C6)O)O4)CC7CC7)OC)(C(C)(C)C)O,RMRJXGBAOAMLHD-IHFGGWKQSA-N
DB00924,2895,Cyclobenzaprine,CN(C)CCC=C1C2=CC=CC=C2C=CC3=CC=CC=C31,JURKNVYFZMSNLP-UHFFFAOYSA-N
DB00925,4768,Phenoxybenzamine,CC(COC1=CC=CC=C1)N(CCCl)CC2=CC=CC=C2,QZVCTJOXCFMACW-UHFFFAOYSA-N
DB00927,3325,Gastro,C1=C(N=C(S1)N=C(N)N)CSCCC(=NS(=O)(=O)N)N,XUFQPHANEAPEMJ-UHFFFAOYSA-N
DB00928,9444,Azacytidine,C1=NC(=NC(=O)N1[C@H]2[C@@H]([C@@H]([C@H](O2)CO)O)O)N,NMUSYJAQQFHJEW-KVTDHHQDSA-N
DB00929,5282381,Misoprostol,CCCCC(C)(C/C=C/[C@H]1[C@@H](CC(=O)[C@@H]1CCCCCCC(=O)OC)O)O,OJLOPKGSLYJEMD-URPKTTJQSA-N
DB00933,4078,Mesoridazine,CN1CCCCC1CCN2C3=CC=CC=C3SC4=C2C=C(C=C4)S(=O)C,SLVMESMUVMCQIY-UHFFFAOYSA-N
DB00936,338,Salicylic Acid,C1=CC=C(C(=C1)C(=O)O)O,YGSDEFSMJLZEOE-UHFFFAOYSA-N
DB00937,7029,Diethylpropion,CCN(CC)C(C)C(=O)C1=CC=CC=C1,XXEPPPIWZFICOJ-UHFFFAOYSA-N
DB00938,5152,Salmeterol,C1=CC=C(C=C1)CCCCOCCCCCCNCC(C2=CC(=C(C=C2)O)CO)O,GIIZNNXWQWCKIB-UHFFFAOYSA-N
DB00939,4037,Meclofenamic Acid,CC1=C(C(=C(C=C1)Cl)NC2=CC=CC=C2C(=O)O)Cl,SBDNJUWAMKYJOX-UHFFFAOYSA-N
DB00945,2244,Aspirin,CC(=O)OC1=CC=CC=C1C(=O)O,BSYNRYMUTXBXSQ-UHFFFAOYSA-N
DB00947,104741,Fulvestrant,C[C@]12CC[C@H]3[C@H]([C@@H]1CC[C@@H]2O)[C@@H](CC4=C3C=CC(=C4)O)CCCCCCCCCS(=O)CCCC(C(F)(F)F)(F)F,VWUXBMIQPBEWFH-WCCTWKNTSA-N
DB00949,3331,Felbamate,C1=CC=C(C=C1)C(COC(=O)N)COC(=O)N,WKGXYQFOCVYPAC-UHFFFAOYSA-N
DB00950,3348,Fexofenadine,CC(C)(C1=CC=C(C=C1)C(CCCN2CCC(CC2)C(C3=CC=CC=C3)(C4=CC=CC=C4)O)O)C(=O)O,RWTNPBWLLIMQHL-UHFFFAOYSA-N
DB00952,4440,Naratriptan,CNS(=O)(=O)CCC1=CC2=C(C=C1)NC=C2C3CCN(CC3)C,AMKVXSZCKVJAGH-UHFFFAOYSA-N
DB00953,5078,Rizatriptan,CN(C)CCC1=CNC2=C1C=C(C=C2)CN3C=NC=N3,ULFRLSNUDGIQQP-UHFFFAOYSA-N
DB00956,5284569,Hydrocodone,CN1CC[C@]23[C@@H]4[C@H]1CC5=C2C(=C(C=C5)OC)O[C@H]3C(=O)CC4,LLPOLZWFYMWNKH-CMKMFDCUSA-N
DB00957,6540478,Norgestimate,CC[C@]12CC[C@H]3[C@H]([C@@H]1CC[C@]2(C#C)OC(=O)C)CCC4=C/C(=N/O)/CC[C@H]34,KIQQMECNKUGGKA-NMYWJIRASA-N
DB00958,5352133,Carboplatin,C1CC(C1)(C(=O)O)C(=O)O.N.N.[Pt+2],OLESAACUTLOWQZ-UHFFFAOYSA-N
DB00959,6741,Methylprednisolone,C[C@H]1C[C@H]2[C@@H]3CC[C@@]([C@]3(C[C@@H]([C@@H]2[C@@]4(C1=CC(=O)C=C4)C)O)C)(C(=O)CO)O,VHRSUDSXCMQTMA-PJHHCJLFSA-N
DB00960,4828,Pindolol,CC(C)NCC(COC1=CC=CC2=C1C=CN2)O,JZQKKSLKJUAGIC-UHFFFAOYSA-N
DB00963,60726,Bromfenac,C1=CC(=C(C(=C1)C(=O)C2=CC=C(C=C2)Br)N)CC(=O)O,ZBPLOVFIXSTCRZ-UHFFFAOYSA-N
DB00966,65999,Telmisartan,CCCC1=NC2=C(N1CC3=CC=C(C=C3)C4=CC=CC=C4C(=O)O)C=C(C=C2C)C5=NC6=CC=CC=C6N5C,RMMXLENWKUUMAY-UHFFFAOYSA-N
DB00967,124087,Desloratadine,C1CC2=C(C=CC(=C2)Cl)C(=C3CCNCC3)C4=C1C=CC=N4,JAUOIFJMECXRGI-UHFFFAOYSA-N
DB00968,38853,Methyldopa,C[C@](CC1=CC(=C(C=C1)O)O)(C(=O)O)N,CJCSPKMFHVPWAR-JTQLQIEISA-N
DB00969,2099,Alosetron,CC1=C(N=CN1)CN2CCC3=C(C2=O)C4=CC=CC=C4N3C,JSWZEAMFRNKZNL-UHFFFAOYSA-N
DB00972,2267,Azelastine,CN1CCCC(CC1)N2C(=O)C3=CC=CC=C3C(=N2)CC4=CC=C(C=C4)Cl,MBUVEWMHONZEQD-UHFFFAOYSA-N
DB00973,150311,Ezetimibe,C1=CC(=CC=C1[C@@H]2[C@H](C(=O)N2C3=CC=C(C=C3)F)CC[C@@H](C4=CC=C(C=C4)F)O)O,OLNTVTPDXPETLC-XPWALMASSA-N
DB00975,3108,Dipyridamole,C1CCN(CC1)C2=NC(=NC3=C2N=C(N=C3N4CCCCC4)N(CCO)CCO)N(CCO)CCO,IZEKFCXSFNUWAM-UHFFFAOYSA-N
DB00977,5991,Ethinylestradiol,C[C@]12CC[C@H]3[C@H]([C@@H]1CC[C@]2(C#C)O)CCC4=C3C=CC(=C4)O,BFPYWIDHMRZLRN-SLHNCBLASA-N
DB00982,5282379,Isotretinoin,CC1=C(C(CCC1)(C)C)/C=C/C(=C/C=C/C(=C\C(=O)O)/C)/C,SHGAZHPCJJPHSC-XFYACQKRSA-N
DB00983,3410,Formoterol,CC(CC1=CC=C(C=C1)OC)NCC(C2=CC(=C(C=C2)O)NC=O)O,BPZSYCZIITTYBL-UHFFFAOYSA-N
DB00984,229455,Nandrolone Phenylpropionate,C[C@]12CC[C@H]3[C@H]([C@@H]1CC[C@@H]2OC(=O)CCC4=CC=CC=C4)CCC5=CC(=O)CC[C@H]35,UBWXUGDQUBIEIZ-QNTYDACNSA-N
DB00987,6253,Cytarabine,C1=CN(C(=O)N=C1N)[C@H]2[C@H]([C@@H]([C@H](O2)CO)O)O,UHDGCWIWMRVCDJ-CCXZUQQUSA-N
DB00988,681,Dopamine,C1=CC(=C(C=C1CCN)O)O,VYFYYTLLBUKUHU-UHFFFAOYSA-N
DB00989,77991,Rivastigmine,CCN(C)C(=O)OC1=CC=CC(=C1)[C@H](C)N(C)C,XSVMFMHYUFZWBK-NSHDSACASA-N
DB00990,60198,Exemestane,C[C@]12CC[C@H]3[C@H]([C@@H]1CCC2=O)CC(=C)C4=CC(=O)C=C[C@]34C,BFYIZQONLCFLEV-DAELLWKTSA-N
DB00991,4614,Oxaprozin,C1=CC=C(C=C1)C2=C(OC(=N2)CCC(=O)O)C3=CC=CC=C3,OFPXSFXSNFPTHF-UHFFFAOYSA-N
DB00992,157922,Methyl Aminolevulinate,COC(=O)CCC(=O)CN,YUUAYBAIHCDHHD-UHFFFAOYSA-N
DB00993,2265,Azathioprine,CN1C=NC(=C1SC2=NC=NC3=C2NC=N3)[N+](=O)[O-],LMEKQMALGUDUQG-UHFFFAOYSA-N
DB00995,70788951,Auroafen,CC[PH+](CC)CC.CC(=O)OC[C@@H]1[C@H]([C@@H]([C@H]([C@@H](O1)[S-])OC(=O)C)OC(=O)C)OC(=O)C.[Au],IRPYFWIZKIOHQN-XTZHGVARSA-N
DB00996,3446,Gabapentin,C1CCC(CC1)(CC(=O)O)CN,UGJMXCAKCUNAIE-UHFFFAOYSA-N
DB00997,31703,Doxorubicin,C[C@H]1[C@H]([C@H](C[C@@H](O1)O[C@H]2C[C@@](CC3=C2C(=C4C(=C3O)C(=O)C5=C(C4=O)C(=CC=C5)OC)O)(C(=O)CO)O)N)O,AOJJSUZBOXZQNB-TZSSRYMLSA-N
DB00998,77992,Frovatriptan,CN[C@@H]1CCC2=C(C1)C3=C(N2)C=CC(=C3)C(=O)N,XPSQPHWEGNHMSK-SECBINFHSA-N
DB00999,3639,Hydrochlorothiazide,C1NC2=CC(=C(C=C2S(=O)(=O)N1)S(=O)(=O)N)Cl,JZUFKLXOESDKRF-UHFFFAOYSA-N
DB01001,2083,Salbutamol,CC(C)(C)NCC(C1=CC(=C(C=C1)O)CO)O,NDAUXUAQIAJITI-UHFFFAOYSA-N
DB01002,92253,Levobupivacaine,CCCCN1CCCC[C@H]1C(=O)NC2=C(C=CC=C2C)C,LEBVLXFERQHONN-INIZCTEOSA-N
DB01003,2882,Cromolyn,C1=CC2=C(C(=C1)OCC(COC3=CC=CC4=C3C(=O)C=C(O4)C(=O)O)O)C(=O)C=C(O2)C(=O)O,IMZMKUWMOSJXDT-UHFFFAOYSA-N
DB01005,3657,Hydroxyurea,C(=O)(N)NO,VSNHCAURESNICA-UHFFFAOYSA-N
DB01006,3902,Letrozole,C1=CC(=CC=C1C#N)C(C2=CC=C(C=C2)C#N)N3C=NC=N3,HPJKCIUCZWXJDR-UHFFFAOYSA-N
DB01008,2478,Busulfan,CS(=O)(=O)OCCCCOS(=O)(=O)C,COVZYZSDYWQREU-UHFFFAOYSA-N
DB01009,3825,Ketoprofen,CC(C1=CC(=CC=C1)C(=O)C2=CC=CC=C2)C(=O)O,DKYWVDODHFEZIM-UHFFFAOYSA-N
DB01012,156419,Cinacalcet,C[C@H](C1=CC=CC2=CC=CC=C21)NCCCC3=CC(=CC=C3)C(F)(F)F,VDHAWDNDOKGFTD-MRXNPFEDSA-N
DB01013,32798,Clobetasol Propionate,CCC(=O)O[C@@]1([C@H](C[C@@H]2[C@@]1(C[C@@H]([C@]3([C@H]2CCC4=CC(=O)C=C[C@@]43C)F)O)C)C)C(=O)CCl,CBGUOGMQLZIXBE-XGQKBEPLSA-N
DB01014,54585,5-((4-((2-Carboxyethyl)carbamoyl)phenyl)diazenyl)-2-hydroxybenzoic acid,C1=CC(=CC=C1C(=O)NCCC(=O)O)N=NC2=CC(=C(C=C2)O)C(=O)O,IPOKCKJONYRRHP-UHFFFAOYSA-N
DB01016,3488,Glibenclamide,COC1=C(C=C(C=C1)Cl)C(=O)NCCC2=CC=C(C=C2)S(=O)(=O)NC(=O)NC3CCCCC3,ZNNLBTZKUZBEKO-UHFFFAOYSA-N
DB01017,54675783,Minocycline,CN(C)[C@H]1[C@@H]2C[C@@H]3CC4=C(C=CC(=C4C(=C3C(=O)[C@@]2(C(=C(C1=O)C(=O)N)O)O)O)O)N(C)C,FFTVPQUHLQBXQZ-KVUCHLLUSA-N
DB01018,3519,Guanfacine,C1=CC(=C(C(=C1)Cl)CC(=O)N=C(N)N)Cl,INJOMKTZOLKMBF-UHFFFAOYSA-N
DB01019,2370,Bethanechol,CC(C[N+](C)(C)C)OC(=O)N,NZUPCNDJBJXXRF-UHFFFAOYSA-O
DB01020,27661,Isosorbide Mononitrate,C1[C@@H]([C@@H]2[C@H](O1)[C@@H](CO2)O[N+](=O)[O-])O,YWXYYJSYQOXTPL-SLPGGIOYSA-N
DB01023,3333,Felodipine,CCOC(=O)C1=C(NC(=C(C1C2=C(C(=CC=C2)Cl)Cl)C(=O)OC)C)C,RZTAMFZIAATZDJ-UHFFFAOYSA-N
DB01026,3823,Ketoconazole,CC(=O)N1CCN(CC1)C2=CC=C(C=C2)OCC3COC(O3)(CN4C=CN=C4)C5=C(C=C(C=C5)Cl)Cl,XMAYWYJOQHXEEK-UHFFFAOYSA-N
DB01029,3749,Irbesartan,CCCCC1=NC2(CCCC2)C(=O)N1CC3=CC=C(C=C3)C4=CC=CC=C4C5=NNN=N5,YOSHYTLCDANDAN-UHFFFAOYSA-N
DB01030,60700,Topotecan,CC[C@@]1(C2=C(COC1=O)C(=O)N3CC4=CC5=C(C=CC(=C5CN(C)C)O)N=C4C3=C2)O,UCFGDBYHRUNTLO-QHCPKHFHSA-N
DB01033,667490,6-Mercaptopurine,C1=NC2=C(N1)C(=S)N=CN2,GLVAUDGFNGKCSF-UHFFFAOYSA-N
DB01035,4913,Procainamide,CCN(CC)CCNC(=O)C1=CC=C(C=C1)N,REQCZEXYDRLIBE-UHFFFAOYSA-N
DB01037,26757,Selegiline,C[C@H](CC1=CC=CC=C1)N(C)CC#C,MEZLKOACVSPNER-GFCCVEGCSA-N
DB01039,3339,Fenofibrate,CC(C)OC(=O)C(C)(C)OC1=CC=C(C=C1)C(=O)C2=CC=C(C=C2)Cl,YMTINGFKWWXKFG-UHFFFAOYSA-N
DB01041,5426,Thalidomide,C1CC(=O)NC(=O)C1N2C(=O)C3=CC=CC=C3C2=O,UEJJHQNACJXSKW-UHFFFAOYSA-N
DB01042,460612,Melphalan,C1=CC(=CC=C1C[C@@H](C(=O)O)N)N(CCCl)CCCl,SGDBTWWWUNNDEQ-LBPRGKRZSA-N
DB01043,4054,Memantine,CC12CC3CC(C1)(CC(C3)(C2)N)C,BUGYDGFZZOZRHP-UHFFFAOYSA-N
DB01045,135398735,Rifampicin,C[C@H]1/C=C/C=C(\C(=O)NC2=C(C(=C3C(=C2O)C(=C(C4=C3C(=O)[C@](O4)(O/C=C/[C@@H]([C@H]([C@H]([C@@H]([C@@H]([C@@H]([C@H]1O)C)O)C)OC(=O)C)C)OC)C)C)O)O)/C=N/N5CCN(CC5)C)/C,JQXXHWHPUNPDRT-WLSIYKJHSA-N
DB01046,157920,Lubiprostone,CCCCC([C@]1(CC[C@H]2[C@H](O1)CC(=O)[C@@H]2CCCCCCC(=O)O)O)(F)F,WGFOBBZOWHGYQH-MXHNKVEKSA-N
DB01050,3672,Ibuprofen,CC(C)CC1=CC=C(C=C1)C(C)C(=O)O,HEFNNWSXXWATRW-UHFFFAOYSA-N
DB01058,4891,Praziquantel,C1CCC(CC1)C(=O)N2CC3C4=CC=CC=C4CCN3C(=O)C2,FSVJFNAIGNNGKK-UHFFFAOYSA-N
DB01062,4634,Oxybutynin,CCN(CC)CC#CCOC(=O)C(C1CCCCC1)(C2=CC=CC=C2)O,XIQVNETUBQGFHX-UHFFFAOYSA-N
DB01063,17676,Acetophenazine,CC(=O)C1=CC2=C(C=C1)SC3=CC=CC=C3N2CCCN4CCN(CC4)CCO,WNTYBHLDCKXEOT-UHFFFAOYSA-N
DB01064,3779,Isoproterenol,CC(C)NCC(C1=CC(=C(C=C1)O)O)O,JWZZKOKVBUJMES-UHFFFAOYSA-N
DB01065,896,Melatonin,CC(=O)NCCC1=CNC2=C1C=C(C=C2)OC,DRLFMBDRBRZALE-UHFFFAOYSA-N
DB01067,3478,Glipizide,CC1=CN=C(C=N1)C(=O)NCCC2=CC=C(C=C2)S(=O)(=O)NC(=O)NC3CCCCC3,ZJJXGWJIGJFDTL-UHFFFAOYSA-N
DB01068,2802,Clonazepam,C1C(=O)NC2=C(C=C(C=C2)[N+](=O)[O-])C(=N1)C3=CC=CC=C3Cl,DGBIGWXXNGSACT-UHFFFAOYSA-N
DB01069,4927,Promethazine,CC(CN1C2=CC=CC=C2SC3=CC=CC=C31)N(C)C,PWWVAXIEGOYWEE-UHFFFAOYSA-N
DB01070,5311071,Dihydrotachysterol,C[C@H]\1CC[C@@H](C/C1=C\C=C\2/CCC[C@]3([C@H]2CC[C@@H]3[C@H](C)/C=C/[C@H](C)C(C)C)C)O,ILYCWAKSDCYMBB-OPCMSESCSA-N
DB01071,4066,Mequitazine,C1CN2CCC1C(C2)CN3C4=CC=CC=C4SC5=CC=CC=C53,HOKDBMAJZXIPGC-UHFFFAOYSA-N
DB01072,148192,Atazanavir,CC(C)(C)[C@@H](C(=O)N[C@@H](CC1=CC=CC=C1)[C@H](CN(CC2=CC=C(C=C2)C3=CC=CC=N3)NC(=O)[C@H](C(C)(C)C)NC(=O)OC)O)NC(=O)OC,AXRYRYVKAWYZBR-GASGPIRDSA-N
DB01073,657237,Fludarabine,C1=NC2=C(N=C(N=C2N1[C@H]3[C@H]([C@@H]([C@H](O3)CO)O)O)F)N,HBUBKKRHXORPQB-FJFJXFQQSA-N
DB01075,3100,Diphenhydramine,CN(C)CCOC(C1=CC=CC=C1)C2=CC=CC=C2,ZZVUWRFHKOJYTH-UHFFFAOYSA-N
DB01076,60823,Atorvastatin,CC(C)C1=C(C(=C(N1CC[C@H](C[C@H](CC(=O)O)O)O)C2=CC=C(C=C2)F)C3=CC=CC=C3)C(=O)NC4=CC=CC=C4,XUKUURHRXDUEBC-KAYWLYCHSA-N
DB01077,3305,Etidronic Acid,CC(O)(P(=O)(O)O)P(=O)(O)O,DBVJJBKOTRCVKF-UHFFFAOYSA-N
DB01080,5665,Vigabatrin,C=CC(CCC(=O)O)N,PJDFLNIOAUIZSL-UHFFFAOYSA-N
DB01083,3034010,Orlistat,CCCCCCCCCCC[C@@H](C[C@H]1[C@@H](C(=O)O1)CCCCCC)OC(=O)[C@H](CC(C)C)NC=O,AHLBNYSZXLDEJQ-FWEHEUNISA-N
DB01084,3219,Emedastine,CCOCCN1C2=CC=CC=C2N=C1N3CCCN(CC3)C,KBUZBQVCBVDWKX-UHFFFAOYSA-N
DB01085,5910,Pilocarpine,CC[C@H]1[C@H](COC1=O)CC2=CN=CN2C,QCHFTSOMWOSFHM-WPRPVWTQSA-N
DB01086,2337,Benzocaine,CCOC(=O)C1=CC=C(C=C1)N,BLFLLBZGZJTVJG-UHFFFAOYSA-N
DB01088,5311181,Iloprost,CC#CCC(C)[C@@H](/C=C/[C@H]1[C@@H](C[C@H]2[C@@H]1C/C(=C/CCCC(=O)O)/C2)O)O,HIFJCPQKFCZDDL-ACWOEMLNSA-N
DB01095,1548972,Fluvastatin,CC(C)N1C2=CC=CC=C2C(=C1/C=C/[C@@H](C[C@@H](CC(=O)O)O)O)C3=CC=C(C=C3)F,FJLGEFLZQAZZCD-JUFISIKESA-N
DB01098,446157,Rosuvastatin,CC(C)C1=NC(=NC(=C1/C=C/[C@H](C[C@H](CC(=O)O)O)O)C2=CC=C(C=C2)F)N(C)S(=O)(=O)C,BPRHUIZQVSMCRT-VEUZHWNKSA-N
DB01099,3366,Flucytosine,C1=NC(=O)NC(=C1F)N,XRECTZIEBJDKEO-UHFFFAOYSA-N
DB01101,60953,Capecitabine,CCCCCOC(=O)NC1=NC(=O)N(C=C1F)[C@H]2[C@@H]([C@@H]([C@H](O2)C)O)O,GAGWJHPBXLXJQN-UORFTKCHSA-N
DB01104,68617,Sertraline,CN[C@H]1CC[C@H](C2=CC=CC=C12)C3=CC(=C(C=C3)Cl)Cl,VGKDLMBJGBXTGI-SJCJKPOMSA-N
DB01105,5210,Sibutramine,CC(C)CC(C1(CCC1)C2=CC=C(C=C2)Cl)N(C)C,UNAANXDKBXWMLN-UHFFFAOYSA-N
DB01106,54385,Levocabastine,C[C@@H]1CN(CC[C@@]1(C2=CC=CC=C2)C(=O)O)C3CCC(CC3)(C#N)C4=CC=C(C=C4)F,ZCGOMHNNNFPNMX-YHYDXASRSA-N
DB01109,,heparin,,
DB01110,4189,Miconazole,C1=CC(=C(C=C1Cl)Cl)COC(CN2C=CN=C2)C3=C(C=C(C=C3)Cl)Cl,BYBLEWFAAKGYCD-UHFFFAOYSA-N
DB01113,4680,Papaverine,COC1=C(C=C(C=C1)CC2=NC=CC3=CC(=C(C=C32)OC)OC)OC,XQYZDYMELSJDRZ-UHFFFAOYSA-N
DB01114,2725,(+-)-Chlorpheniramine,CN(C)CCC(C1=CC=C(C=C1)Cl)C2=CC=CC=N2,SOYKEARSMXGVTM-UHFFFAOYSA-N
DB01115,4485,Nifedipine,CC1=C(C(C(=C(N1)C)C(=O)OC)C2=CC=CC=C2[N+](=O)[O-])C(=O)OC,HYIMSNHJOBLJNT-UHFFFAOYSA-N
DB01118,2157,Amiodarone,CCCCC1=C(C2=CC=CC=C2O1)C(=O)C3=CC(=C(C(=C3)I)OCCN(CC)CC)I,IYIKLHRQXLHMJQ-UHFFFAOYSA-N
DB01120,3475,Gliclazide,CC1=CC=C(C=C1)S(=O)(=O)NC(=O)NN2CC3CCCC3C2,BOVGTQGAOIONJV-UHFFFAOYSA-N
DB01122,2131,Ambenonium,CC[N+](CC)(CCNC(=O)C(=O)NCC[N+](CC)(CC)CC1=CC=CC=C1Cl)CC2=CC=CC=C2Cl,OMHBPUNFVFNHJK-UHFFFAOYSA-P
DB01124,5505,Tolbutamide,CCCCNC(=O)NS(=O)(=O)C1=CC=C(C=C1)C,JLRGJRBPOGGCBT-UHFFFAOYSA-N
DB01125,2197,Anisindione,COC1=CC=C(C=C1)C2C(=O)C3=CC=CC=C3C2=O,XRCFXMGQEVUZFC-UHFFFAOYSA-N
DB01128,2375,Bicalutamide,CC(CS(=O)(=O)C1=CC=C(C=C1)F)(C(=O)NC2=CC(=C(C=C2)C#N)C(F)(F)F)O,LKJPYSCBVHEWIU-UHFFFAOYSA-N
DB01129,5029,Rabeprazole,CC1=C(C=CN=C1CS(=O)C2=NC3=CC=CC=C3N2)OCCCOC,YREYEVIYCVEVJK-UHFFFAOYSA-N
DB01132,4829,Pioglitazone,CCC1=CN=C(C=C1)CCOC2=CC=C(C=C2)CC3C(=O)NC(=O)S3,HYAFETHFCAUJAY-UHFFFAOYSA-N
DB01133,60937,Tiludronic Acid,C1=CC(=CC=C1SC(P(=O)(O)O)P(=O)(O)O)Cl,DKJJVAGXPKPDRL-UHFFFAOYSA-N
DB01136,2585,Carvedilol,COC1=CC=CC=C1OCCNCC(COC2=CC=CC3=C2C4=CC=CC=C4N3)O,OGHNVEJMJSYVRP-UHFFFAOYSA-N
DB01137,149096,Levofloxacin,C[C@H]1COC2=C3N1C=C(C(=O)C3=CC(=C2N4CCN(CC4)C)F)C(=O)O,GSDSWSVVBLHKDQ-JTQLQIEISA-N
DB01142,667468,(Z)-Doxepin,CN(C)CC/C=C\1/C2=CC=CC=C2COC3=CC=CC=C31,ODQWQRRAPPTVAG-BOPFTXTBSA-N
DB01143,2141,Amifostine,C(CN)CNCCSP(=O)(O)O,JKOQGQFVAUAYPM-UHFFFAOYSA-N
DB01144,3038,Dichlorphenamide,C1=C(C=C(C(=C1S(=O)(=O)N)Cl)Cl)S(=O)(=O)N,GJQPMPFPNINLKP-UHFFFAOYSA-N
DB01146,3103,Diphenylpyraline,CN1CCC(CC1)OC(C2=CC=CC=C2)C3=CC=CC=C3,OWQUZNMMYNAXSL-UHFFFAOYSA-N
DB01148,3354,Flavoxate,CC1=C(OC2=C(C1=O)C=CC=C2C(=O)OCCN3CCCCC3)C4=CC=CC=C4,SPIUTQOUKAMGCX-UHFFFAOYSA-N
DB01151,2995,Desipramine,CNCCCN1C2=CC=CC=C2CCC3=CC=CC=C31,HCYAFALTSJYZDH-UHFFFAOYSA-N
DB01156,444,Bupropion,CC(C(=O)C1=CC(=CC=C1)Cl)NC(C)(C)C,SNPPWIUOZRMYNY-UHFFFAOYSA-N
DB01157,5583,Trimetrexate,CC1=C(C=CC2=C1C(=NC(=N2)N)N)CNC3=CC(=C(C(=C3)OC)OC)OC,NOYPYLRCIDNJJB-UHFFFAOYSA-N
DB01161,8612,Chloroprocaine,CCN(CC)CCOC(=O)C1=C(C=C(C=C1)N)Cl,VDANGULDQQJODZ-UHFFFAOYSA-N
DB01162,5401,Terazosin,COC1=C(C=C2C(=C1)C(=NC(=N2)N3CCN(CC3)C(=O)C4CCCO4)N)OC,VCKUSRYTPJJLNI-UHFFFAOYSA-N
DB01165,4583,Ofloxacin,CC1COC2=C3N1C=C(C(=O)C3=CC(=C2N4CCN(CC4)C)F)C(=O)O,GSDSWSVVBLHKDQ-UHFFFAOYSA-N
DB01167,55283,Itraconazole,CCC(C)N1C(=O)N(C=N1)C2=CC=C(C=C2)N3CCN(CC3)C4=CC=C(C=C4)OC[C@H]5CO[C@](O5)(CN6C=NC=N6)C7=C(C=C(C=C7)Cl)Cl,VHVPQPYKVGDNFY-ZPGVKDDISA-N
DB01169,261004,Arsenic trioxide,O=[As]O[As]=O,IKWTVSLWAPBBKU-UHFFFAOYSA-N
DB01170,3518,Guanethidine,C1CCCN(CCC1)CCN=C(N)N,ACGDKVXYNVEAGU-UHFFFAOYSA-N
DB01173,4601,Orphenadrine,CC1=CC=CC=C1C(C2=CC=CC=C2)OCCN(C)C,QVYRGXJJSLMXQH-UHFFFAOYSA-N
DB01174,4763,Phenobarbital,CCC1(C(=O)NC(=O)NC1=O)C2=CC=CC=C2,DDBREPKUVSBGFI-UHFFFAOYSA-N
DB01175,146570,Escitalopram,CN(C)CCC[C@@]1(C2=C(CO1)C=C(C=C2)C#N)C3=CC=C(C=C3)F,WSEQXVZVJXJVFP-FQEVSTJZSA-N
DB01176,6726,Cyclizine,CN1CCN(CC1)C(C2=CC=CC=C2)C3=CC=CC=C3,UVKZSORBKUEBAZ-UHFFFAOYSA-N
DB01177,42890,Idarubicin,C[C@H]1[C@H]([C@H](C[C@@H](O1)O[C@H]2C[C@@](CC3=C2C(=C4C(=C3O)C(=O)C5=CC=CC=C5C4=O)O)(C(=O)C)O)N)O,XDXDZDZNSLXDNA-TZNDIEGXSA-N
DB01181,3690,Ifosfamide,C1CN(P(=O)(OC1)NCCCl)CCCl,HOMGKSMUEGBAAB-UHFFFAOYSA-N
DB01182,4932,Propafenone,CCCNCC(COC1=CC=CC=C1C(=O)CCC2=CC=CC=C2)O,JWHAUXFOSRPERK-UHFFFAOYSA-N
DB01185,6446,Fluoxymesterone,C[C@]12CCC(=O)C=C1CC[C@@H]3[C@@]2([C@H](C[C@]4([C@H]3CC[C@]4(C)O)C)O)F,YLRFCQOZQXIBAB-RBZZARIASA-N
DB01186,47811,Pergolide,CCCN1C[C@@H](C[C@H]2[C@H]1CC3=CNC4=CC=CC2=C34)CSC,YEHCICAEULNIGD-MZMPZRCHSA-N
DB01188,2749,Ciclopirox,CC1=CC(=O)N(C(=C1)C2CCCCC2)O,SCKYRAXSEDYPSA-UHFFFAOYSA-N
DB01189,42113,Desflurane,C(C(F)(F)F)(OC(F)F)F,DPYMFVXJLLWWEU-UHFFFAOYSA-N
DB01192,5284604,Oxymorphone,CN1CC[C@]23[C@@H]4C(=O)CC[C@]2([C@H]1CC5=C3C(=C(C=C5)O)O4)O,UQCNKQCJZOAFTQ-ISWURRPUSA-N
DB01193,1978,Acebutolol,CCCC(=O)NC1=CC(=C(C=C1)OCC(CNC(C)C)O)C(=O)C,GOEMGAFJFRBGGG-UHFFFAOYSA-N
DB01194,68844,Brinzolamide,CCN[C@H]1CN(S(=O)(=O)C2=C1C=C(S2)S(=O)(=O)N)CCCOC,HCRKCZRJWPKOAR-JTQLQIEISA-N
DB01195,3356,Flecainide,C1CCNC(C1)CNC(=O)C2=C(C=CC(=C2)OCC(F)(F)F)OCC(F)(F)F,DJBNUMBKLMJRSA-UHFFFAOYSA-N
DB01196,259331,Estramustine,C[C@]12CC[C@H]3[C@H]([C@@H]1CC[C@@H]2O)CCC4=C3C=CC(=C4)OC(=O)N(CCCl)CCCl,FRPJXPJMRWBBIH-RBRWEJTLSA-N
DB01197,44093,Captopril,C[C@H](CS)C(=O)N1CCC[C@H]1C(=O)O,FAKRSMQSSFJEIM-RQJHMYQMSA-N
DB01200,31101,Bromocriptine,CC(C)C[C@H]1C(=O)N2CCC[C@H]2[C@]3(N1C(=O)[C@](O3)(C(C)C)NC(=O)[C@H]4CN([C@@H]5CC6=C(NC7=CC=CC(=C67)C5=C4)Br)C)O,OZVBMTJYIDMWIL-AYFBDAFISA-N
DB01202,5284583,Levetiracetam,CC[C@@H](C(=O)N)N1CCCC1=O,HPHUVLMMVZITSG-LURJTMIESA-N
DB01203,39147,Nadolol,CC(C)(C)NCC(COC1=CC=CC2=C1C[C@@H]([C@@H](C2)O)O)O,VWPOSFSPZNDTMJ-UCWKZMIHSA-N
DB01204,4212,Mitoxantrone,C1=CC(=C2C(=C1NCCNCCO)C(=O)C3=C(C=CC(=C3C2=O)O)O)NCCNCCO,KKZJGLLVHKMTCM-UHFFFAOYSA-N
DB01210,39468,Levobunolol,CC(C)(C)NC[C@@H](COC1=CC=CC2=C1CCCC2=O)O,IXHBTMCLRNMKHZ-LBPRGKRZSA-N
DB01214,31477,Metipranolol,CC1=CC(=C(C(=C1OC(=O)C)C)C)OCC(CNC(C)C)O,BQIPXWYNLPYNHW-UHFFFAOYSA-N
DB01216,57363,Finasteride,C[C@]12CC[C@H]3[C@H]([C@@H]1CC[C@@H]2C(=O)NC(C)(C)C)CC[C@@H]4[C@@]3(C=CC(=O)N4)C,DBEPLOCGEIEOCV-WSBQPABSSA-N
DB01217,2187,Anastrozole,CC(C)(C#N)C1=CC(=CC(=C1)CN2C=NC=N2)C(C)(C)C#N,YBBLVLTVTVSKRW-UHFFFAOYSA-N
DB01219,6914273,Dantrolene,C1C(=O)NC(=O)N1/N=C/C2=CC=C(O2)C3=CC=C(C=C3)[N+](=O)[O-],OZOMQRBLCMDCEG-VIZOYTHASA-N
DB01221,3821,Ketamine,CNC1(CCCCC1=O)C2=CC=CC=C2Cl,YQEZLKZALYSWHR-UHFFFAOYSA-N
DB01222,5281004,Budesonide,CCCC1O[C@@H]2C[C@H]3[C@@H]4CCC5=CC(=O)C=C[C@@]5([C@H]4[C@H](C[C@@]3([C@@]2(O1)C(=O)CO)C)O)C,VOVIALXJUBGFJZ-KWVAZRHASA-N
DB01223,9433,Aminophylline,CN1C2=C(C(=O)N(C1=O)C)NC=N2.CN1C2=C(C(=O)N(C1=O)C)NC=N2.C(CN)N,FQPFAHBPWDRTLU-UHFFFAOYSA-N
DB01224,5002,Quetiapine,C1CN(CCN1CCOCCO)C2=NC3=CC=CC=C3SC4=CC=CC=C42,URKOMYMAXPYINW-UHFFFAOYSA-N
DB01225,,enoxaparin,,
DB01228,48041,Encainide,CN1CCCCC1CCC2=CC=CC=C2NC(=O)C3=CC=C(C=C3)OC,PJWPNDMDCLXCOM-UHFFFAOYSA-N
DB01229,36314,Paclitaxel,CC1=C2[C@H](C(=O)[C@@]3([C@H](C[C@@H]4[C@]([C@H]3[C@@H]([C@@](C2(C)C)(C[C@@H]1OC(=O)[C@@H]([C@H](C5=CC=CC=C5)NC(=O)C6=CC=CC=C6)O)O)OC(=O)C7=CC=CC=C7)(CO4)OC(=O)C)O)C)OC(=O)C,RCINICONZNJXQF-MZXODVADSA-N
DB01231,3055,Diphenidol,C1CCN(CC1)CCCC(C2=CC=CC=C2)(C3=CC=CC=C3)O,OGAKLTJNUQRZJU-UHFFFAOYSA-N
DB01232,441243,Saquinavir,CC(C)(C)NC(=O)[C@@H]1C[C@@H]2CCCC[C@@H]2CN1C[C@H]([C@H](CC3=CC=CC=C3)NC(=O)[C@H](CC(=O)N)NC(=O)C4=NC5=CC=CC=C5C=C4)O,QWAXKHKRTORLEM-UGJKXSETSA-N
DB01233,4168,Metoclopramide,CCN(CC)CCNC(=O)C1=CC(=C(C=C1OC)N)Cl,TTWJBBZEZQICBI-UHFFFAOYSA-N
DB01234,5743,Dexamethasone,C[C@@H]1C[C@H]2[C@@H]3CCC4=CC(=O)C=C[C@@]4([C@]3([C@H](C[C@@]2([C@]1(C(=O)CO)O)C)O)F)C,UREBDLICKHMUKA-CXSFZGCWSA-N
DB01235,6047,Levodopa,C1=CC(=C(C=C1C[C@@H](C(=O)O)N)O)O,WTDRDQBEARUVNC-LURJTMIESA-N
DB01237,2444,Bromodiphenhydramine,CN(C)CCOC(C1=CC=CC=C1)C2=CC=C(C=C2)Br,NUNIWXHYABYXKF-UHFFFAOYSA-N
DB01238,60795,Aripiprazole,C1CC(=O)NC2=C1C=CC(=C2)OCCCCN3CCN(CC3)C4=C(C(=CC=C4)Cl)Cl,CEUORZQYGODEFX-UHFFFAOYSA-N
DB01240,5282411,Prostacyclin,CCCCC[C@@H](/C=C/[C@H]1[C@@H](C[C@H]2[C@@H]1C/C(=C/CCCC(=O)O)/O2)O)O,KAQKFAOMNZTLHT-OZUDYXHBSA-N
DB01241,3463,Gemfibrozil,CC1=CC(=C(C=C1)C)OCCCC(C)(C)C(=O)O,HEMJJKBWTPKOJG-UHFFFAOYSA-N
DB01242,2801,Clomipramine,CN(C)CCCN1C2=CC=CC=C2CCC3=C1C=C(C=C3)Cl,GDLIGKIOYRNHDA-UHFFFAOYSA-N
DB01244,2351,Bepridil,CC(C)COCC(CN(CC1=CC=CC=C1)C2=CC=CC=C2)N3CCCC3,UIEATEWHFDRYRU-UHFFFAOYSA-N
DB01246,5574,(+-)-Trimeprazine,CC(CN1C2=CC=CC=C2SC3=CC=CC=C31)CN(C)C,ZZHLYYDVIOPZBE-UHFFFAOYSA-N
DB01248,148124,Docetaxel,CC1=C2[C@H](C(=O)[C@@]3([C@H](C[C@@H]4[C@]([C@H]3[C@@H]([C@@](C2(C)C)(C[C@@H]1OC(=O)[C@@H]([C@H](C5=CC=CC=C5)NC(=O)OC(C)(C)C)O)O)OC(=O)C6=CC=CC=C6)(CO4)OC(=O)C)O)C)O,ZDZOTLJHXYCWBA-VCVYQWHSSA-N
DB01250,22419,Olsalazine,C1=CC(=C(C=C1N=NC2=CC(=C(C=C2)O)C(=O)O)C(=O)O)O,QQBDLJCYGRGAKP-UHFFFAOYSA-N
DB01254,3062316,Dasatinib,CC1=C(C(=CC=C1)Cl)NC(=O)C2=CN=C(S2)NC3=CC(=NC(=N3)C)N4CCN(CC4)CCO,ZBNZXTGUTAYRHI-UHFFFAOYSA-N
DB01255,11597698,Lisdexamfetamine,C[C@@H](CC1=CC=CC=C1)NC(=O)[C@H](CCCCN)N,VOBHXZCDAVEXEY-JSGCOSHPSA-N
DB01258,,,,
DB01259,208908,Lapatinib,CS(=O)(=O)CCNCC1=CC=C(O1)C2=CC3=C(C=C2)N=CN=C3NC4=CC(=C(C=C4)OCC5=CC(=CC=C5)F)Cl,BCFGMOOMADDAQU-UHFFFAOYSA-N
DB01260,5311066,Desonide,C[C@]12C[C@@H]([C@H]3[C@H]([C@@H]1C[C@@H]4[C@]2(OC(O4)(C)C)C(=O)CO)CCC5=CC(=O)C=C[C@]35C)O,WBGKWQHBNHJJPZ-LECWWXJVSA-N
DB01261,4369359,Sitagliptin,C1CN2C(=NN=C2C(F)(F)F)CN1C(=O)C[C@@H](CC3=CC(=C(C=C3F)F)F)N,MFFMDFFZMYYVKS-SECBINFHSA-N
DB01262,451668,5-Aza-2'-deoxycytidine,C1[C@@H]([C@H](O[C@H]1N2C=NC(=NC2=O)N)CO)O,XAUDJQYHKZQPEU-KVQBGUIXSA-N
DB01267,115237,Paliperidone,CC1=C(C(=O)N2CCCC(C2=N1)O)CCN3CCC(CC3)C4=NOC5=C4C=CC(=C5)F,PMXMIIMHBWHSKN-UHFFFAOYSA-N
DB01268,5329102,Sunitinib,CCN(CC)CCNC(=O)C1=C(NC(=C1C)/C=C\2/C3=C(C=CC(=C3)F)NC2=O)C,WINHZLLDWRZWRT-ATVHPVEESA-N
DB01275,3637,Hydralazine,C1=CC=C2C(=C1)C=NN=C2NN,RPTUSVTUFVMDQK-UHFFFAOYSA-N
DB01283,151166,Lumiracoxib,CC1=CC(=C(C=C1)NC2=C(C=CC=C2Cl)F)CC(=O)O,KHPKQFYUPIUARC-UHFFFAOYSA-N
DB01291,4845,Pirbuterol,CC(C)(C)NCC(C1=NC(=C(C=C1)O)CO)O,VQDBNKDJNJQRDG-UHFFFAOYSA-N
DB01296,439213,D-Glucosamine,C([C@@H]1[C@H]([C@@H]([C@H](C(O1)O)N)O)O)O,MSWZFWKMSRAUBD-IVMDWMLBSA-N
DB01320,56339,Fosphenytoin,C1=CC=C(C=C1)C2(C(=O)N(C(=O)N2)COP(=O)(O)O)C3=CC=CC=C3,XWLUWCNOOVRFPX-UHFFFAOYSA-N
DB01327,33255,Cefazolin,CC1=NN=C(S1)SCC2=C(N3[C@@H]([C@@H](C3=O)NC(=O)CN4C=NN=N4)SC2)C(=O)O,MLYYVTUWGNIJIB-BXKDBHETSA-N
DB01351,2164,Amobarbital,CCC1(C(=O)NC(=O)NC1=O)CCC(C)C,VIROVYVQCGLCII-UHFFFAOYSA-N
DB01356,28486,Lithium Cation,[Li+],HBBGRARXTFLTSG-UHFFFAOYSA-N
DB01359,37464,Penbutolol,CC(C)(C)NC[C@@H](COC1=CC=CC=C1C2CCCC2)O,KQXKVJAGOJTNJS-HNNXBMFYSA-N
DB01364,9294,Ephedrine,C[C@@H]([C@@H](C1=CC=CC=C1)O)NC,KWGRBVOPPLSCSI-WPRPVWTQSA-N
DB01367,3052776,Rasagiline,C#CCN[C@@H]1CCC2=CC=CC=C12,RUOKEQAAGRXIBM-GFCCVEGCSA-N
DB01378,888,Magnesium Cation,[Mg+2],JLVVSXFLKOJNIY-UHFFFAOYSA-N
DB01390,516892,Sodium Bicarbonate,C(=O)(O)[O-].[Na+],UIIMBOGNXHQVGW-UHFFFAOYSA-M
DB01394,2833,Colchicine,CC(=O)NC1CCC2=CC(=C(C(=C2C3=CC=C(C(=O)C=C13)OC)OC)OC)OC,IAKHMKGGTNLKSZ-UHFFFAOYSA-N
DB01395,68873,Drospirenone,C[C@]12CCC(=O)C=C1[C@@H]3C[C@@H]3[C@@H]4[C@@H]2CC[C@]5([C@H]4[C@@H]6C[C@@H]6[C@@]57CCC(=O)O7)C,METQSPRSQINEEU-HXCATZOESA-N
DB01399,5161,Salsalate,C1=CC=C(C(=C1)C(=O)OC2=CC=CC=C2C(=O)O)O,WVYADZUPLLSGPU-UHFFFAOYSA-N
DB01400,4456,Neostigmine,CN(C)C(=O)OC1=CC=CC(=C1)[N+](C)(C)C,ALWKGYPQUAPLQC-UHFFFAOYSA-N
DB01402,,,,
DB01403,72287,Levomepromazine,C[C@@H](CN1C2=CC=CC=C2SC3=C1C=C(C=C3)OC)CN(C)C,VRQVVMDWGGWHTJ-CQSZACIVSA-N
DB01406,28417,Danazol,C[C@]12CC[C@H]3[C@H]([C@@H]1CC[C@]2(C#C)O)CCC4=CC5=C(C[C@]34C)C=NO5,POZRVZJJTULAOH-LHZXLZLDSA-N
DB01410,6918155,Ciclesonide,CC(C)C(=O)OCC(=O)[C@@]12[C@@H](C[C@@H]3[C@@]1(C[C@@H]([C@H]4[C@H]3CCC5=CC(=O)C=C[C@]45C)O)C)O[C@H](O2)C6CCCCC6,LUKZNWIVRBCLON-GXOBDPJESA-N
DB01427,3698,Amrinone,C1=CN=CC=C1C2=CNC(=O)C(=C2)N,RNLQIBCLLYYYFJ-UHFFFAOYSA-N
DB01440,10413,4-Hydroxybutyric Acid,C(CC(=O)O)CO,SJZRECIVHVDYJC-UHFFFAOYSA-N
DB01551,5284543,Dihydrocodeine,CN1CC[C@]23[C@@H]4[C@H]1CC5=C2C(=C(C=C5)OC)O[C@H]3[C@H](CC4)O,RBOXVHNMENFORY-DNJOTXNNSA-N
DB01576,5826,Dextroamphetamine,C[C@@H](CC1=CC=CC=C1)N,KWTSXDURSIMDCE-QMMMGPOBSA-N
DB01577,10836,Methamphetamine,C[C@@H](CC1=CC=CC=C1)NC,MYWUZJCMWCOHBA-VIFPVBQESA-N
DB01579,30487,Phendimetrazine,C[C@H]1[C@@H](OCCN1C)C2=CC=CC=C2,MFOCDFTXLCYLKU-CMPLNLGQSA-N
DB01590,6442177,Everolimus,C[C@@H]1CC[C@H]2C[C@@H](/C(=C/C=C/C=C/[C@H](C[C@H](C(=O)[C@@H]([C@@H](/C(=C/[C@H](C(=O)C[C@H](OC(=O)[C@@H]3CCCCN3C(=O)C(=O)[C@@]1(O2)O)[C@H](C)C[C@@H]4CC[C@H]([C@@H](C4)OC)OCCO)C)/C)O)OC)C)C)/C)OC,HKVAMNSJSFKALM-GKUWKFKPSA-N
DB01611,3652,Hydroxychloroquine,CCN(CCCC(C)NC1=C2C=CC(=CC2=NC=C1)Cl)CCO,XXSMGPRMXLTPCZ-UHFFFAOYSA-N
DB01620,4761,Pheniramine,CN(C)CCC(C1=CC=CC=C1)C2=CC=CC=N2,IJHNSHDBIRRJRN-UHFFFAOYSA-N
DB01623,941651,Thiothixene,CN1CCN(CC1)CC/C=C\2/C3=CC=CC=C3SC4=C2C=C(C=C4)S(=O)(=O)N(C)C,GFBKORZTTCHDGY-UWVJOHFNSA-N
DB01628,123619,Etoricoxib,CC1=NC=C(C=C1)C2=C(C=C(C=N2)Cl)C3=CC=C(C=C3)S(=O)(=O)C,MNJVRJDLRVPLFE-UHFFFAOYSA-N
DB01677,444972,Fumaric Acid,C(=C/C(=O)O)\C(=O)O,VZCYOOQTPOCHFL-OWOJBTEDSA-N
DB02546,5311,Vorinostat,C1=CC=C(C=C1)NC(=O)CCCCCCC(=O)NO,WAEXFXRVDQXREF-UHFFFAOYSA-N
DB03796,985,Palmitic Acid,CCCCCCCCCCCCCCCC(=O)O,IPCSVZSSVZVIGE-UHFFFAOYSA-N
DB03904,1176,Urea,C(=O)(N)N,XSQUKJJJFZCRTK-UHFFFAOYSA-N
DB04272,311,Citric Acid,C(C(=O)O)C(CC(=O)O)(C(=O)O)O,KRKNYBCHXYNGOX-UHFFFAOYSA-N
DB04571,5585,Trimethylpsoralen,CC1=CC(=O)OC2=C1C=C3C=C(OC3=C2C)C,FMHHVULEAZTJMA-UHFFFAOYSA-N
DB04844,6018,Tetrabenazine,CC(C)CC1CN2CCC3=CC(=C(C=C3C2CC1=O)OC)OC,MKJIEFSOBYUXJB-UHFFFAOYSA-N
DB04861,71301,Nebivolol,C1CC2=C(C=CC(=C2)F)OC1C(CNCC(C3CCC4=C(O3)C=CC(=C4)F)O)O,KOHIRBRYDXPAMZ-UHFFFAOYSA-N
DB04865,285033,Omacetaxine Mepesuccinate,CC(C)(CCC[C@@](CC(=O)OC)(C(=O)O[C@H]1[C@H]2C3=CC4=C(C=C3CCN5[C@@]2(CCC5)C=C1OC)OCO4)O)O,HYFHYPWGAURHIV-JFIAXGOJSA-N
DB04868,644241,Nilotinib,CC1=C(C=C(C=C1)C(=O)NC2=CC(=CC(=C2)C(F)(F)F)N3C=C(N=C3)C)NC4=NC=CC(=N4)C5=CN=CC=C5,HHZIURLSWUIHRB-UHFFFAOYSA-N
DB05259,,Glatiramer,,
DB05271,59227,Rotigotine,CCCN(CCC1=CC=CS1)[C@H]2CCC3=C(C2)C=CC=C3O,KFQYTPMOWPVWEJ-INIZCTEOSA-N
DB06196,6918173,Icatibant,C1CC[C@H]2[C@@H](C1)C[C@H](N2C(=O)[C@H]3CC4=CC=CC=C4CN3C(=O)[C@H](CO)NC(=O)[C@H](CC5=CC=CS5)NC(=O)CNC(=O)[C@@H]6C[C@H](CN6C(=O)[C@@H]7CCCN7C(=O)[C@H](CCCN=C(N)N)NC(=O)[C@@H](CCCN=C(N)N)N)O)C(=O)N[C@@H](CCCN=C(N)N)C(=O)O,QURWXBZNHXJZBE-SKXRKSCCSA-N
DB06201,129228,Rufinamide,C1=CC(=C(C(=C1)F)CN2C=C(N=N2)C(=O)N)F,POGQSBRIGCQNEG-UHFFFAOYSA-N
DB06268,216235,Sitaxentan,CC1=CC2=C(C=C1CC(=O)C3=C(C=CS3)S(=O)(=O)NC4=C(C(=NO4)C)Cl)OCO2,PHWXUGHIIBDVKD-UHFFFAOYSA-N
DB06285,,TERIPARATIDE,,
DB06287,23724530,42-[3-Hydroxy-2-(hydroxymethyl)-2-methylpropanoate]rapamycin,C[C@@H]1CCC2C[C@@H](/C(=C/C=C/C=C/[C@H](C[C@H](C(=O)[C@@H]([C@@H](/C(=C/[C@H](C(=O)C[C@H](OC(=O)[C@@H]3CCCCN3C(=O)C(=O)[C@@]1(O2)O)[C@H](C)C[C@@H]4CC[C@H]([C@@H](C4)OC)OC(=O)C(C)(CO)CO)C)/C)O)OC)C)C)/C)OC,CBPNZQVSJQDFBE-HGVVHKDOSA-N
DB06718,25249,Stanozolol,C[C@]12CC[C@H]3[C@H]([C@@H]1CC[C@]2(C)O)CC[C@@H]4[C@@]3(CC5=C(C4)NN=C5)C,LKAJKIOFIWVMDJ-IYRCEVNGSA-N
DB06803,4477,Niclosamide,C1=CC(=C(C=C1[N+](=O)[O-])Cl)NC(=O)C2=C(C=CC(=C2)Cl)O,RJMUSRYZPJIFPJ-UHFFFAOYSA-N
DB08799,2200,Antazoline,C1CN=C(N1)CN(CC2=CC=CC=C2)C3=CC=CC=C3,REYFJDPCWQRWAA-UHFFFAOYSA-N
DB08800,25295,Chloropyramine,CN(C)CCN(CC1=CC=C(C=C1)Cl)C2=CC=CC=N2,ICKFFNBDFNZJSX-UHFFFAOYSA-N
DB08801,21855,(+-)-Dimethindene,CC(C1=CC=CC=N1)C2=C(CC3=CC=CC=C32)CCN(C)C,MVMQESMQSYOVGV-UHFFFAOYSA-N
DB08802,3781,Isothipendyl,CC(CN1C2=CC=CC=C2SC3=C1N=CC=C3)N(C)C,OQJBSDFFQWMKBQ-UHFFFAOYSA-N
DB08803,34154,Tymazoline,CC1=CC(=C(C=C1)C(C)C)OCC2=NCCN2,QRORCRWSRPKEHR-UHFFFAOYSA-N
DB08804,9677,Nandrolone Decanoate,CCCCCCCCCC(=O)O[C@H]1CC[C@@H]2[C@@]1(CC[C@H]3[C@H]2CCC4=CC(=O)CC[C@H]34)C,JKWKMORAXJQQSR-MOPIKTETSA-N
DB08820,16220172,Ivacaftor,CC(C)(C)C1=CC(=C(C=C1NC(=O)C2=CNC3=CC=CC=C3C2=O)O)C(C)(C)C,PURKAOJPTOLRMP-UHFFFAOYSA-N
DB08824,3086674,Ioflupane I-123,COC(=O)[C@@H]1[C@H]2CC[C@H](N2CCCF)C[C@@H]1C3=CC=C(C=C3)[123I],HXWLAJVUJSVENX-HFIFKADTSA-N
DB08835,210320,Spaglumic Acid,CC(=O)N[C@@H](CC(=O)N[C@@H](CCC(=O)O)C(=O)O)C(=O)O,GUCKKCMJTSNWCU-BQBZGAKWSA-N
DB08896,11167602,Regorafenib,CNC(=O)C1=NC=CC(=C1)OC2=CC(=C(C=C2)NC(=O)NC3=CC(=C(C=C3)Cl)C(F)(F)F)F,FNHKPVJBJVTLMP-UHFFFAOYSA-N
DB08901,24826799,Ponatinib,CC1=C(C=C(C=C1)C(=O)NC2=CC(=C(C=C2)CN3CCN(CC3)C)C(F)(F)F)C#CC4=CN=C5N4N=CC=C5,PHXJVRSECIGDHY-UHFFFAOYSA-N
DB08906,9854489,Fluticasone Furoate,C[C@@H]1C[C@H]2[C@@H]3C[C@@H](C4=CC(=O)C=C[C@@]4([C@]3([C@H](C[C@@]2([C@]1(C(=O)SCF)OC(=O)C5=CC=CO5)C)O)F)C)F,XTULMSXFIHGYFS-VLSRWLAYSA-N
DB08907,24812758,Canagliflozin,CC1=C(C=C(C=C1)[C@H]2[C@@H]([C@H]([C@@H]([C@H](O2)CO)O)O)O)CC3=CC=C(S3)C4=CC=C(C=C4)F,XTNGUQKDFGDXSJ-ZXGKGEBGSA-N
